app_temp,azimuth,clouds,datetime,dewpt,dhi,dni,elev_angle,ghi,h_angle,pod,precip,pres,revision_status,rh,slp,snow,solar_rad,temp,timestamp_local,timestamp_utc,ts,uv,vis,weather/description,weather/code,weather/icon,wind_dir,wind_gust_spd,wind_spd
7.4,343,54,2023-03-15:00,6.7,0,0,-49.2,0,,n,0,996,final,95,1023,0,0,7.4,2023-03-15T00:00:00,2023-03-15T00:00:00,1678838400,0,16,Broken clouds,803,c03n,82,2.4,1.2
7.3,6.2,100,2023-03-15:01,6.3,0,0,-50.2,0,,n,0,996,final,95,1023,0,0,7,2023-03-15T01:00:00,2023-03-15T01:00:00,1678842000,0,16,Overcast clouds,804,c04n,64,2.8,0.8
6.3,28.4,100,2023-03-15:02,6,0,0,-46.9,0,,n,0,994,final,95,1022,0,0,6.7,2023-03-15T02:00:00,2023-03-15T02:00:00,1678845600,0,16,Overcast clouds,804,c04n,64,3.2,1.2
4.4,46.8,100,2023-03-15:03,5.2,0,0,-40,0,,n,0,994,final,95,1022,0,0,5.9,2023-03-15T03:00:00,2023-03-15T03:00:00,1678849200,0,16,Overcast clouds,804,c04n,66,3.2,2
4.1,61.5,100,2023-03-15:04,5.5,0,0,-30.9,0,,n,0,993,final,97,1021,0,0,5.9,2023-03-15T04:00:00,2023-03-15T04:00:00,1678852800,0,16,Fog,741,a05n,68,3.2,2.4
3.7,73.5,100,2023-03-15:05,5.6,0,0,-20.5,0,,n,0,993,final,100,1021,0,0,5.6,2023-03-15T05:00:00,2023-03-15T05:00:00,1678856400,0,16,Fog,741,a05n,68,3.6,2.4
3.7,84.1,100,2023-03-15:06,5.2,0,0,-9.5,0,,n,0,992,final,97,1020,0,0,5.6,2023-03-15T06:00:00,2023-03-15T06:00:00,1678860000,0,16,Fog,741,a05n,70,4.4,2.4
3.4,94.1,94,2023-03-15:07,5.2,17,106,1.7,12,,d,0,992,final,97,1020,0,20,5.6,2023-03-15T07:00:00,2023-03-15T07:00:00,1678863600,0.6,16,Fog,741,a05n,74,5.2,2.8
4.7,104.3,24,2023-03-15:08,6,61,552,12.8,175,,d,0,992,final,95,1019,0,174,6.7,2023-03-15T08:00:00,2023-03-15T08:00:00,1678867200,1.6,16,Scattered clouds,802,c02d,78,5.6,2.8
8.9,115.5,0,2023-03-15:09,8.1,84,724,23.3,364,,d,0,992,final,95,1019,0,364,8.9,2023-03-15T09:00:00,2023-03-15T09:00:00,1678870800,2.5,16,Clear Sky,800,c01d,84,5.6,2
13.7,128.7,0,2023-03-15:10,9.4,99,814,32.8,533,,d,0,992,final,75,1019,0,533,13.7,2023-03-15T10:00:00,2023-03-15T10:00:00,1678874400,3.6,16,Clear Sky,800,c01d,94,5.2,2
16.3,144.8,0,2023-03-15:11,9.3,108,864,40.5,662,,d,0,991,final,63,1018,0,662,16.3,2023-03-15T11:00:00,2023-03-15T11:00:00,1678878000,4.9,16,Clear Sky,800,c01d,116,5.6,1.6
17.8,164.3,0,2023-03-15:12,9.2,112,889,45.4,738,,d,0,992,final,57,1018,0,738,17.8,2023-03-15T12:00:00,2023-03-15T12:00:00,1678881600,5.8,16,Clear Sky,800,c01d,142,6.4,2
17.8,185.8,0,2023-03-15:13,8.5,113,893,46.4,753,,d,0,991,final,52,1017,0,753,18.5,2023-03-15T13:00:00,2023-03-15T13:00:00,1678885200,6,16,Clear Sky,800,c01d,166,6.8,2
18.6,206.6,0,2023-03-15:14,8.6,110,878,43.3,705,,d,0,990,final,50,1016,0,705,19.3,2023-03-15T14:00:00,2023-03-15T14:00:00,1678888800,5.4,16,Clear Sky,800,c01d,176,7.2,2.8
19.3,224.3,0,2023-03-15:15,9,103,841,36.8,600,,d,0,989,final,49,1015,0,600,20,2023-03-15T15:00:00,2023-03-15T15:00:00,1678892400,4.2,16,Clear Sky,800,c01d,174,7.2,2.8
18.9,238.7,0,2023-03-15:16,9.2,92,773,28,448,,d,0,988,final,51,1014,0,448,19.6,2023-03-15T16:00:00,2023-03-15T16:00:00,1678896000,3,16,Clear Sky,800,c01d,184,6.4,2.4
17.9,250.7,0,2023-03-15:17,9.6,74,649,17.9,266,,d,0,988,final,56,1014,0,266,18.5,2023-03-15T17:00:00,2023-03-15T17:00:00,1678899600,2.1,16,Clear Sky,800,c01d,228,5.2,2
16.3,261.3,0,2023-03-15:18,9.7,43,384,7,81,,d,0,988,final,65,1014,0,81,16.3,2023-03-15T18:00:00,2023-03-15T18:00:00,1678903200,1.8,16,Clear Sky,800,c01d,260,3.6,2
15.9,271.4,0,2023-03-15:19,8.2,0,0,-4.2,0,,n,0,988,final,60,1014,0,0,15.9,2023-03-15T19:00:00,2023-03-15T19:00:00,1678906800,0,16,Clear Sky,800,c01n,284,3.6,2
14.1,281.6,0,2023-03-15:20,8.3,0,0,-15.3,0,,n,0,988,final,68,1015,0,0,14.1,2023-03-15T20:00:00,2023-03-15T20:00:00,1678910400,0,16,Clear Sky,800,c01n,328,2.8,0.8
10.7,292.9,0,2023-03-15:21,7.4,0,0,-26,0,,n,0,987,final,80,1014,0,0,10.7,2023-03-15T21:00:00,2023-03-15T21:00:00,1678914000,0,16,Clear Sky,800,c01n,86,2,0.8
9.6,306.2,26,2023-03-15:22,7,0,0,-35.7,0,,n,0,987,final,84,1014,0,0,9.6,2023-03-15T22:00:00,2023-03-15T22:00:00,1678917600,0,16,Scattered clouds,802,c02n,106,3.6,2
9.6,322.7,83,2023-03-15:23,7,0,0,-43.7,0,,n,0,987,final,84,1014,0,0,9.6,2023-03-15T23:00:00,2023-03-15T23:00:00,1678921200,0,16,Overcast clouds,804,c04n,104,3.6,2
9.6,343.2,99,2023-03-16:00,7,0,0,-48.8,0,,n,0,986,final,84,1013,0,0,9.6,2023-03-16T00:00:00,2023-03-16T00:00:00,1678924800,0,16,Overcast clouds,804,c04n,104,4,2
8.9,6.3,98,2023-03-16:01,7,0,0,-49.8,0,,n,0,985,final,88,1012,0,0,8.9,2023-03-16T01:00:00,2023-03-16T01:00:00,1678928400,0,16,Overcast clouds,804,c04n,102,4,2
7.8,28.3,97,2023-03-16:02,6.3,0,0,-46.5,0,,n,0,985,final,90,1012,0,0,7.8,2023-03-16T02:00:00,2023-03-16T02:00:00,1678932000,0,16,Overcast clouds,804,c04n,106,4,2
7.4,46.6,100,2023-03-16:03,5.9,0,0,-39.6,0,,n,0,984,final,90,1011,0,0,7.4,2023-03-16T03:00:00,2023-03-16T03:00:00,1678935600,0,16,Overcast clouds,804,c04n,118,4,2
7.4,61.2,100,2023-03-16:04,5.9,0,0,-30.5,0,,n,0,983,final,90,1010,0,0,7.4,2023-03-16T04:00:00,2023-03-16T04:00:00,1678939200,0,16,Overcast clouds,804,c04n,124,4,2
7.4,73.3,100,2023-03-16:05,6.3,0,0,-20.2,0,,n,0,983,final,93,1010,0,0,7.4,2023-03-16T05:00:00,2023-03-16T05:00:00,1678942800,0,16,Overcast clouds,804,c04n,124,4,1.6
7.4,83.8,100,2023-03-16:06,5.9,0,0,-9.2,0,,n,0,983,final,90,1010,0,0,7.4,2023-03-16T06:00:00,2023-03-16T06:00:00,1678946400,0,16,Overcast clouds,804,c04n,130,4.4,1.6
7.8,93.8,100,2023-03-16:07,6.3,19,127,2,15,,d,0,983,final,90,1010,0,21,7.8,2023-03-16T07:00:00,2023-03-16T07:00:00,1678950000,0.5,16,Overcast clouds,804,c04n,144,4.4,1.6
10,104.1,99,2023-03-16:08,7.8,62,559,13.1,181,,d,0,984,final,86,1011,0,86,10,2023-03-16T08:00:00,2023-03-16T08:00:00,1678953600,0.6,16,Overcast clouds,804,c04d,156,5.2,1.6
12.2,115.3,100,2023-03-16:09,8.9,85,727,23.6,370,,d,0,984,final,80,1011,0,122,12.2,2023-03-16T09:00:00,2023-03-16T09:00:00,1678957200,0.8,16,Overcast clouds,804,c04d,176,6,2
14.1,128.5,100,2023-03-16:10,9.9,99,816,33.2,539,,d,0,984,final,76,1011,0,153,14.1,2023-03-16T10:00:00,2023-03-16T10:00:00,1678960800,1.1,16,Overcast clouds,804,c04d,190,8,3.2
15.2,144.7,98,2023-03-16:11,10,108,866,40.9,668,,d,0,984,final,71,1010,0,215,15.2,2023-03-16T11:00:00,2023-03-16T11:00:00,1678964400,1.6,16,Overcast clouds,804,c04d,174,9.2,4
15.9,164.2,98,2023-03-16:12,10,113,890,45.8,743,,d,0,984,final,68,1010,0,119,15.9,2023-03-16T12:00:00,2023-03-16T12:00:00,1678968000,1.9,16,Overcast clouds,804,c04d,174,9.6,4
16.3,185.9,100,2023-03-16:13,9.9,114,894,46.8,758,,d,1.25,983,final,66,1009,0,176,16.3,2023-03-16T13:00:00,2023-03-16T13:00:00,1678971600,1.9,16,Light rain,500,r01d,186,9.6,4.4
15.6,206.8,100,2023-03-16:14,10.4,111,880,43.6,710,,d,0.5,982,final,71,1008,0,159,15.6,2023-03-16T14:00:00,2023-03-16T14:00:00,1678975200,1.7,16,Overcast clouds,804,c04d,196,11.6,4.4
14.8,224.6,97,2023-03-16:15,10.8,104,843,37,605,,d,1.25,982,final,77,1008,0,185,14.8,2023-03-16T15:00:00,2023-03-16T15:00:00,1678978800,1.4,16,Light rain,500,r01d,206,11.2,4.4
14.4,239,98,2023-03-16:16,10.6,92,775,28.2,452,,d,1.5,982,final,78,1008,0,135,14.4,2023-03-16T16:00:00,2023-03-16T16:00:00,1678982400,1,16,Light rain,500,r01d,216,9.6,4.4
13.3,251.1,99,2023-03-16:17,11,74,652,18.1,270,,d,1.25,982,final,86,1009,0,90,13.3,2023-03-16T17:00:00,2023-03-16T17:00:00,1678986000,0.7,16,Light rain,500,r01d,212,9.2,4
12.6,261.7,97,2023-03-16:18,11.5,44,392,7.2,84,,d,0.75,982,final,93,1009,0,57,12.6,2023-03-16T18:00:00,2023-03-16T18:00:00,1678989600,0.6,10,Light rain,500,r01d,200,8.4,3.2
12.6,271.7,100,2023-03-16:19,11.5,0,0,-4,0,,n,0.5,982,final,93,1009,0,0,12.6,2023-03-16T19:00:00,2023-03-16T19:00:00,1678993200,0,10,Overcast clouds,804,c04n,188,7.6,3.6
12.2,282,100,2023-03-16:20,11.4,0,0,-15.1,0,,n,0.25,982,final,95,1009,0,0,12.2,2023-03-16T20:00:00,2023-03-16T20:00:00,1678996800,0,10,Overcast clouds,804,c04n,194,7.6,4
12.6,293.2,100,2023-03-16:21,11.8,0,0,-25.7,0,,n,1,982,final,95,1009,0,0,12.6,2023-03-16T21:00:00,2023-03-16T21:00:00,1679000400,0,16,Light rain,500,r01n,208,8,3.6
11.9,306.5,82,2023-03-16:22,11.6,0,0,-35.4,0,,n,0.5,983,final,98,1010,0,0,11.9,2023-03-16T22:00:00,2023-03-16T22:00:00,1679004000,0,16,Fog,741,a05n,194,7.6,3.2
11.9,323.1,53,2023-03-16:23,10.8,0,0,-43.4,0,,n,0.5,983,final,93,1010,0,0,11.9,2023-03-16T23:00:00,2023-03-16T23:00:00,1679007600,0,16,Broken clouds,803,c03n,198,7.6,2.8
11.5,343.5,49,2023-03-17:00,10.4,0,0,-48.5,0,,n,0.5,983,final,93,1010,0,0,11.5,2023-03-17T00:00:00,2023-03-17T00:00:00,1679011200,0,16,Broken clouds,803,c03n,198,8,3.2
11.9,6.3,84,2023-03-17:01,10.5,0,0,-49.4,0,,n,0.5,983,final,91,1010,0,0,11.9,2023-03-17T01:00:00,2023-03-17T01:00:00,1679014800,0,16,Overcast clouds,804,c04n,200,8.8,3.2
11.5,28.2,100,2023-03-17:02,10.1,0,0,-46.1,0,,n,0.5,983,final,91,1010,0,0,11.5,2023-03-17T02:00:00,2023-03-17T02:00:00,1679018400,0,16,Overcast clouds,804,c04n,202,8.8,3.6
11.5,46.4,100,2023-03-17:03,9.6,0,0,-39.3,0,,n,0.5,983,final,88,1010,0,0,11.5,2023-03-17T03:00:00,2023-03-17T03:00:00,1679022000,0,16,Overcast clouds,804,c04n,208,8.8,4
11.1,61,100,2023-03-17:04,9.7,0,0,-30.2,0,,n,0.5,983,final,91,1010,0,0,11.1,2023-03-17T04:00:00,2023-03-17T04:00:00,1679025600,0,16,Overcast clouds,804,c04n,204,8.8,4
11.1,73,100,2023-03-17:05,9.7,0,0,-19.9,0,,n,0.5,983,final,91,1010,0,0,11.1,2023-03-17T05:00:00,2023-03-17T05:00:00,1679029200,0,16,Overcast clouds,804,c04n,198,9.2,4
11.1,83.6,100,2023-03-17:06,9.7,0,0,-8.9,0,,n,0.5,984,final,91,1011,0,0,11.1,2023-03-17T06:00:00,2023-03-17T06:00:00,1679032800,0,10,Overcast clouds,804,c04n,196,9.6,4.4
11.1,93.6,100,2023-03-17:07,10,21,148,2.3,18,,d,0.5,984,final,93,1011,0,22,11.1,2023-03-17T07:00:00,2023-03-17T07:00:00,1679036400,0.5,16,Overcast clouds,804,c04n,198,10.8,4.8
11.5,103.8,99,2023-03-17:08,10.4,63,566,13.4,186,,d,0.5,984,final,93,1011,0,81,11.5,2023-03-17T08:00:00,2023-03-17T08:00:00,1679040000,0.6,10,Overcast clouds,804,c04d,204,11.6,5.2
12.2,115.1,76,2023-03-17:09,10.3,85,731,24,376,,d,1.5,985,final,88,1012,0,225,12.2,2023-03-17T09:00:00,2023-03-17T09:00:00,1679043600,1.2,16,Light rain,500,r01d,212,12.4,5.6
12.6,128.3,60,2023-03-17:10,11.2,99,818,33.5,545,,d,3,985,final,91,1012,0,426,12.6,2023-03-17T10:00:00,2023-03-17T10:00:00,1679047200,2.2,10,Light rain,500,r01d,222,14,6.4
12.2,144.5,56,2023-03-17:11,9.9,108,867,41.3,674,,d,3.5,985,final,86,1012,0,550,12.2,2023-03-17T11:00:00,2023-03-17T11:00:00,1679050800,3.1,10,Light rain,500,r01d,240,14.4,6.8
12.6,164.2,91,2023-03-17:12,10.7,113,891,46.2,749,,d,1.5,986,final,88,1013,0,228,12.6,2023-03-17T12:00:00,2023-03-17T12:00:00,1679054400,2.2,16,Light rain,500,r01d,236,13.2,5.2
13.3,186.1,75,2023-03-17:13,11,114,895,47.2,763,,d,0.5,986,final,86,1013,0,480,13.3,2023-03-17T13:00:00,2023-03-17T13:00:00,1679058000,3,10,Overcast clouds,804,c04d,230,12.8,4.8
13.7,207.1,74,2023-03-17:14,9.9,111,881,44,715,,d,1.5,986,final,78,1013,0,476,13.7,2023-03-17T14:00:00,2023-03-17T14:00:00,1679061600,2.7,16,Light rain,500,r01d,224,13.6,5.2
13.3,224.9,58,2023-03-17:15,10.3,104,844,37.3,610,,d,0.25,986,final,82,1013,0,505,13.3,2023-03-17T15:00:00,2023-03-17T15:00:00,1679065200,2.6,16,Broken clouds,803,c03d,232,13.6,6
13,239.4,81,2023-03-17:16,9.6,92,777,28.5,457,,d,2,986,final,80,1013,0,247,13,2023-03-17T16:00:00,2023-03-17T16:00:00,1679068800,1.4,16,Light rain,500,r01d,242,12.8,5.6
12.2,251.4,70,2023-03-17:17,9.6,74,656,18.3,274,,d,0.25,987,final,84,1014,0,201,12.2,2023-03-17T17:00:00,2023-03-17T17:00:00,1679072400,1.1,10,Broken clouds,803,c03d,246,11.6,5.2
12.2,262,75,2023-03-17:18,10.3,45,399,7.4,87,,d,0.5,987,final,88,1014,0,55,12.2,2023-03-17T18:00:00,2023-03-17T18:00:00,1679076000,0.9,16,Overcast clouds,804,c04d,244,9.2,4.4
11.9,272.1,93,2023-03-17:19,10,0,0,-3.7,0,,n,0.5,987,final,88,1014,0,0,11.9,2023-03-17T19:00:00,2023-03-17T19:00:00,1679079600,0,16,Overcast clouds,804,c04n,238,8.4,3.6
11.5,282.3,90,2023-03-17:20,10.1,0,0,-14.9,0,,n,0.5,988,final,91,1015,0,0,11.5,2023-03-17T20:00:00,2023-03-17T20:00:00,1679083200,0,16,Overcast clouds,804,c04n,234,7.6,3.2
11.1,293.6,84,2023-03-17:21,10,0,0,-25.5,0,,n,0.5,988,final,93,1015,0,0,11.1,2023-03-17T21:00:00,2023-03-17T21:00:00,1679086800,0,16,Overcast clouds,804,c04n,236,7.2,3.2
10.7,306.9,74,2023-03-17:22,9.6,0,0,-35.2,0,,n,0,989,final,93,1016,0,0,10.7,2023-03-17T22:00:00,2023-03-17T22:00:00,1679090400,0,16,Overcast clouds,804,c04n,238,6.8,3.2
10.4,323.4,60,2023-03-17:23,9.3,0,0,-43.1,0,,n,0,989,final,93,1016,0,0,10.4,2023-03-17T23:00:00,2023-03-17T23:00:00,1679094000,0,10,Broken clouds,803,c03n,240,6.4,2.4
10.4,343.7,56,2023-03-18:00,9.3,0,0,-48.1,0,,n,0,989,final,93,1016,0,0,10.4,2023-03-18T00:00:00,2023-03-18T00:00:00,1679097600,0,10,Broken clouds,803,c03n,242,6.8,2
10.4,6.4,68,2023-03-18:01,9,0,0,-49,0,,n,0.5,989,final,91,1016,0,0,10.4,2023-03-18T01:00:00,2023-03-18T01:00:00,1679101200,0,16,Broken clouds,803,c03n,240,6.4,2
10.4,28.1,62,2023-03-18:02,9,0,0,-45.7,0,,n,0.5,989,final,91,1016,0,0,10.4,2023-03-18T02:00:00,2023-03-18T02:00:00,1679104800,0,16,Broken clouds,803,c03n,234,5.2,2
10.4,46.2,85,2023-03-18:03,9.3,0,0,-38.9,0,,n,0.5,989,final,93,1016,0,0,10.4,2023-03-18T03:00:00,2023-03-18T03:00:00,1679108400,0,16,Overcast clouds,804,c04n,236,6,2
10.7,60.8,100,2023-03-18:04,9.6,0,0,-29.9,0,,n,0.5,989,final,93,1016,0,0,10.7,2023-03-18T04:00:00,2023-03-18T04:00:00,1679112000,0,16,Overcast clouds,804,c04n,238,6.8,2.4
10.7,72.8,100,2023-03-18:05,9.6,0,0,-19.5,0,,n,1,989,final,93,1016,0,0,10.7,2023-03-18T05:00:00,2023-03-18T05:00:00,1679115600,0,10,Light rain,500,r01n,238,6.8,2.4
10.4,83.3,100,2023-03-18:06,9,0,0,-8.6,0,,n,1,990,final,91,1017,0,0,10.4,2023-03-18T06:00:00,2023-03-18T06:00:00,1679119200,0,16,Light rain,500,r01n,250,6.4,2.4
10.4,93.3,97,2023-03-18:07,9.6,23,168,2.6,22,,d,1,990,final,95,1017,0,27,10.4,2023-03-18T07:00:00,2023-03-18T07:00:00,1679122800,0.6,16,Light rain,500,r01n,270,5.6,2.4
11.1,103.6,81,2023-03-18:08,10.3,64,572,13.7,192,,d,0.5,991,final,95,1018,0,102,11.1,2023-03-18T08:00:00,2023-03-18T08:00:00,1679126400,0.9,10,Overcast clouds,804,c04d,282,5.6,2
11.5,114.8,100,2023-03-18:09,11.2,86,734,24.3,382,,d,0,992,final,98,1019,0,111,11.5,2023-03-18T09:00:00,2023-03-18T09:00:00,1679130000,0.8,16,Fog,741,a05d,288,6,2
13,128.1,56,2023-03-18:10,11.9,100,820,33.9,551,,d,0,992,final,93,1019,0,463,13,2023-03-18T10:00:00,2023-03-18T10:00:00,1679133600,2.3,16,Broken clouds,803,c03d,288,7.2,2.8
13.3,144.4,70,2023-03-18:11,11.5,109,869,41.7,680,,d,0,992,final,89,1019,0,475,13.3,2023-03-18T11:00:00,2023-03-18T11:00:00,1679137200,2.6,16,Broken clouds,803,c03d,300,8.4,3.6
14.8,164.2,45,2023-03-18:12,12.7,113,892,46.6,754,,d,0,993,final,87,1020,0,682,14.8,2023-03-18T12:00:00,2023-03-18T12:00:00,1679140800,4.2,16,Broken clouds,803,c03d,300,10,4
15.2,186.3,83,2023-03-18:13,12.7,114,897,47.5,768,,d,0,993,final,85,1020,0,374,15.2,2023-03-18T13:00:00,2023-03-18T13:00:00,1679144400,2.7,16,Overcast clouds,804,c04d,298,9.6,4
15.9,207.4,87,2023-03-18:14,12.3,111,882,44.3,720,,d,0,992,final,79,1019,0,292,15.9,2023-03-18T14:00:00,2023-03-18T14:00:00,1679148000,2.2,16,Overcast clouds,804,c04d,298,9.6,4.8
15.9,225.3,90,2023-03-18:15,12.3,104,846,37.6,614,,d,0,993,final,79,1020,0,207,15.9,2023-03-18T15:00:00,2023-03-18T15:00:00,1679151600,1.7,16,Overcast clouds,804,c04d,300,9.6,5.2
15.2,239.8,75,2023-03-18:16,11.8,93,779,28.8,461,,d,0,993,final,80,1020,0,290,15.2,2023-03-18T16:00:00,2023-03-18T16:00:00,1679155200,1.5,16,Overcast clouds,804,c04d,306,9.6,5.2
14.4,251.8,50,2023-03-18:17,11.7,75,659,18.5,277,,d,0,993,final,84,1020,0,244,14.4,2023-03-18T17:00:00,2023-03-18T17:00:00,1679158800,1.4,16,Broken clouds,803,c03d,308,8.8,4.4
13.7,262.4,40,2023-03-18:18,10.7,45,406,7.6,91,,d,0,994,final,82,1021,0,85,13.7,2023-03-18T18:00:00,2023-03-18T18:00:00,1679162400,1.3,16,Scattered clouds,802,c02d,310,8,3.6
12.6,272.4,45,2023-03-18:19,10.3,0,0,-3.5,0,,n,0,994,final,86,1021,0,0,12.6,2023-03-18T19:00:00,2023-03-18T19:00:00,1679166000,0,16,Broken clouds,803,c03n,312,5.6,2.4
11.9,282.6,62,2023-03-18:20,10,0,0,-14.6,0,,n,0,995,final,88,1022,0,0,11.9,2023-03-18T20:00:00,2023-03-18T20:00:00,1679169600,0,16,Broken clouds,803,c03n,314,5.2,2
11.1,293.9,77,2023-03-18:21,9.7,0,0,-25.3,0,,n,0,995,final,91,1022,0,0,11.1,2023-03-18T21:00:00,2023-03-18T21:00:00,1679173200,0,16,Overcast clouds,804,c04n,312,4.4,2
10.7,307.3,49,2023-03-18:22,9.3,0,0,-34.9,0,,n,0,996,final,91,1023,0,0,10.7,2023-03-18T22:00:00,2023-03-18T22:00:00,1679176800,0,16,Broken clouds,803,c03n,310,4,1.2
10.7,323.7,37,2023-03-18:23,9.6,0,0,-42.8,0,,n,0,996,final,93,1023,0,0,10.7,2023-03-18T23:00:00,2023-03-18T23:00:00,1679180400,0,16,Scattered clouds,802,c02n,318,3.6,1.2
10.7,343.9,45,2023-03-19:00,9.3,0,0,-47.7,0,,n,0,997,final,91,1024,0,0,10.7,2023-03-19T00:00:00,2023-03-19T00:00:00,1679184000,0,16,Broken clouds,803,c03n,324,2.8,1.2
9.6,6.4,37,2023-03-19:01,8.8,0,0,-48.6,0,,n,0,996,final,95,1023,0,0,9.6,2023-03-19T01:00:00,2023-03-19T01:00:00,1679187600,0,16,Scattered clouds,802,c02n,2,2.8,1.6
8.9,28,69,2023-03-19:02,8.1,0,0,-45.3,0,,n,0,996,final,95,1023,0,0,8.9,2023-03-19T02:00:00,2023-03-19T02:00:00,1679191200,0,16,Broken clouds,803,c03n,32,2.8,1.2
8.5,46,97,2023-03-19:03,7.7,0,0,-38.5,0,,n,0,996,final,95,1023,0,0,8.5,2023-03-19T03:00:00,2023-03-19T03:00:00,1679194800,0,10,Overcast clouds,804,c04n,12,2.8,1.2
7.4,60.5,94,2023-03-19:04,7,0,0,-29.5,0,,n,0,996,final,97,1023,0,0,7.4,2023-03-19T04:00:00,2023-03-19T04:00:00,1679198400,0,10,Fog,741,a05n,24,2.8,1.2
5.4,72.5,82,2023-03-19:05,5.5,0,0,-19.2,0,,n,0,995,final,97,1023,0,0,5.9,2023-03-19T05:00:00,2023-03-19T05:00:00,1679202000,0,10,Fog,741,a05n,44,3.2,1.2
4.6,83.1,73,2023-03-19:06,4.8,0,0,-8.3,0,,n,0,996,final,97,1024,0,0,5.2,2023-03-19T06:00:00,2023-03-19T06:00:00,1679205600,0,10,Fog,741,a05n,54,2.8,1.2
4,93.1,78,2023-03-19:07,4.8,25,188,3,25,,d,0,996,final,97,1024,0,40,5.2,2023-03-19T07:00:00,2023-03-19T07:00:00,1679209200,0.8,10,Fog,741,a05n,66,3.6,1.6
7.4,103.3,96,2023-03-19:08,7,65,579,14.1,197,,d,0,997,final,97,1024,0,108,7.4,2023-03-19T08:00:00,2023-03-19T08:00:00,1679212800,0.7,16,Fog,741,a05d,74,5.2,2.4
10.4,114.6,100,2023-03-19:09,9.6,86,738,24.7,388,,d,0,997,final,95,1024,0,125,10.4,2023-03-19T09:00:00,2023-03-19T09:00:00,1679216400,0.8,16,Overcast clouds,804,c04d,76,5.2,2
13,127.9,100,2023-03-19:10,9.3,100,823,34.3,557,,d,0,997,final,78,1024,0,156,13,2023-03-19T10:00:00,2023-03-19T10:00:00,1679220000,1.2,16,Overcast clouds,804,c04d,96,5.2,2
15.2,144.2,100,2023-03-19:11,9.3,109,870,42.1,685,,d,0,997,final,68,1024,0,178,15.2,2023-03-19T11:00:00,2023-03-19T11:00:00,1679223600,1.6,16,Overcast clouds,804,c04d,110,4.8,1.6
16.3,164.2,100,2023-03-19:12,9,114,894,47,760,,d,0,997,final,62,1024,0,190,16.3,2023-03-19T12:00:00,2023-03-19T12:00:00,1679227200,1.9,16,Overcast clouds,804,c04d,122,4.4,1.2
16.7,186.4,100,2023-03-19:13,8.9,114,898,47.9,773,,d,0,996,final,60,1023,0,191,16.7,2023-03-19T13:00:00,2023-03-19T13:00:00,1679230800,2,16,Overcast clouds,804,c04d,140,4,0.8
17.4,207.7,99,2023-03-19:14,8.8,111,883,44.6,725,,d,0,995,final,57,1022,0,205,17.4,2023-03-19T14:00:00,2023-03-19T14:00:00,1679234400,1.8,16,Overcast clouds,804,c04d,224,4.4,0.4
17.8,225.6,100,2023-03-19:15,8.9,105,847,37.9,619,,d,0,996,final,56,1022,0,167,17.8,2023-03-19T15:00:00,2023-03-19T15:00:00,1679238000,1.4,16,Overcast clouds,804,c04d,278,4.8,1.2
17.8,240.1,100,2023-03-19:16,8.6,93,781,29,465,,d,0,996,final,55,1022,0,140,17.8,2023-03-19T16:00:00,2023-03-19T16:00:00,1679241600,1,16,Overcast clouds,804,c04d,290,5.2,2
17,252.1,87,2023-03-19:17,8.9,75,662,18.8,281,,d,0,995,final,59,1022,0,123,17,2023-03-19T17:00:00,2023-03-19T17:00:00,1679245200,0.9,16,Overcast clouds,804,c04d,298,5.2,2.4
15.6,262.7,71,2023-03-19:18,9.1,46,414,7.8,94,,d,0,995,final,65,1022,0,68,15.6,2023-03-19T18:00:00,2023-03-19T18:00:00,1679248800,0.9,16,Overcast clouds,804,c04d,310,3.6,1.6
13.3,272.8,97,2023-03-19:19,8.8,0,0,-3.3,0,,n,0,996,final,74,1023,0,0,13.3,2023-03-19T19:00:00,2023-03-19T19:00:00,1679252400,0,16,Overcast clouds,804,c04n,322,3.2,1.6
11.5,283,97,2023-03-19:20,8.5,0,0,-14.4,0,,n,0,996,final,82,1023,0,0,11.5,2023-03-19T20:00:00,2023-03-19T20:00:00,1679256000,0,16,Overcast clouds,804,c04n,358,2.8,1.6
9.6,294.3,73,2023-03-19:21,7.7,0,0,-25,0,,n,0,996,final,88,1023,0,0,9.6,2023-03-19T21:00:00,2023-03-19T21:00:00,1679259600,0,16,Overcast clouds,804,c04n,14,3.2,1.6
8.1,307.6,26,2023-03-19:22,7,0,0,-34.6,0,,n,0,996,final,93,1023,0,0,8.1,2023-03-19T22:00:00,2023-03-19T22:00:00,1679263200,0,16,Scattered clouds,802,c02n,34,3.2,1.6
8.1,324.1,30,2023-03-19:23,7,0,0,-42.4,0,,n,0,996,final,93,1023,0,0,8.1,2023-03-19T23:00:00,2023-03-19T23:00:00,1679266800,0,16,Scattered clouds,802,c02n,40,2.4,1.2
8.9,344.1,31,2023-03-20:00,7.4,0,0,-47.3,0,,n,0,996,final,90,1023,0,0,8.9,2023-03-20T00:00:00,2023-03-20T00:00:00,1679270400,0,16,Scattered clouds,802,c02n,58,2.4,1.2
7.8,6.5,32,2023-03-20:01,6.3,0,0,-48.2,0,,n,0,995,final,90,1022,0,0,7.8,2023-03-20T01:00:00,2023-03-20T01:00:00,1679274000,0,16,Scattered clouds,802,c02n,80,2.8,1.2
7.8,27.9,37,2023-03-20:02,6.3,0,0,-44.9,0,,n,0,995,final,90,1022,0,0,7.8,2023-03-20T02:00:00,2023-03-20T02:00:00,1679277600,0,16,Scattered clouds,802,c02n,88,3.6,1.6
6.1,45.8,94,2023-03-20:03,5.9,0,0,-38.1,0,,n,0,994,final,93,1021,0,0,7,2023-03-20T03:00:00,2023-03-20T03:00:00,1679281200,0,16,Overcast clouds,804,c04n,86,3.6,1.6
5.3,60.3,99,2023-03-20:04,5.6,0,0,-29.1,0,,n,0,993,final,95,1021,0,0,6.3,2023-03-20T04:00:00,2023-03-20T04:00:00,1679284800,0,16,Overcast clouds,804,c04n,78,3.2,1.6
4.9,72.3,96,2023-03-20:05,5.5,0,0,-18.9,0,,n,0,993,final,97,1021,0,0,5.9,2023-03-20T05:00:00,2023-03-20T05:00:00,1679288400,0,16,Fog,741,a05n,72,2.8,1.6
5.8,82.9,93,2023-03-20:06,6,0,0,-7.9,0,,n,0,994,final,95,1022,0,0,6.7,2023-03-20T06:00:00,2023-03-20T06:00:00,1679292000,0,16,Overcast clouds,804,c04n,68,2.8,1.6
6.6,92.9,95,2023-03-20:07,6.3,27,207,3.3,29,,d,0,995,final,95,1022,0,34,7,2023-03-20T07:00:00,2023-03-20T07:00:00,1679295600,0.6,10,Overcast clouds,804,c04n,56,2.8,1.2
8.5,103.1,99,2023-03-20:08,7,65,585,14.4,203,,d,0,995,final,90,1022,0,91,8.5,2023-03-20T08:00:00,2023-03-20T08:00:00,1679299200,0.6,10,Overcast clouds,804,c04d,64,3.2,1.2
11.5,114.4,97,2023-03-20:09,8.5,87,741,25,393,,d,0,995,final,82,1022,0,161,11.5,2023-03-20T09:00:00,2023-03-20T09:00:00,1679302800,0.9,16,Overcast clouds,804,c04d,96,3.2,0.8
14.1,127.7,97,2023-03-20:10,9.3,101,825,34.6,563,,d,0,995,final,73,1022,0,106,14.1,2023-03-20T10:00:00,2023-03-20T10:00:00,1679306400,1.3,16,Overcast clouds,804,c04d,134,4,1.6
16.7,144.1,95,2023-03-20:11,10.1,109,872,42.5,691,,d,0,995,final,65,1022,0,169,16.7,2023-03-20T11:00:00,2023-03-20T11:00:00,1679310000,1.8,16,Overcast clouds,804,c04d,162,5.2,2
18.1,164.2,94,2023-03-20:12,10.2,114,895,47.4,765,,d,0,996,final,60,1022,0,207,18.1,2023-03-20T12:00:00,2023-03-20T12:00:00,1679313600,2.2,16,Overcast clouds,804,c04d,190,6,2.4
18.1,186.6,90,2023-03-20:13,10.7,115,899,48.3,779,,d,0,995,final,62,1021,0,265,18.1,2023-03-20T13:00:00,2023-03-20T13:00:00,1679317200,2.4,16,Overcast clouds,804,c04d,214,6.8,2.8
18.4,208,64,2023-03-20:14,11.2,112,884,45,730,,d,0,995,final,61,1021,0,563,18.9,2023-03-20T14:00:00,2023-03-20T14:00:00,1679320800,3.2,16,Broken clouds,803,c03d,230,7.2,3.2
18,225.9,24,2023-03-20:15,10.8,105,848,38.2,623,,d,0,995,final,61,1021,0,599,18.5,2023-03-20T15:00:00,2023-03-20T15:00:00,1679324400,3.7,16,Scattered clouds,802,c02d,242,7.2,2.8
18.1,240.5,11,2023-03-20:16,10.7,93,782,29.3,469,,d,0,995,final,62,1021,0,454,18.1,2023-03-20T16:00:00,2023-03-20T16:00:00,1679328000,2.9,16,Few clouds,801,c02d,258,6.8,2.8
16.7,252.5,20,2023-03-20:17,10.1,76,665,19,285,,d,0,994,final,65,1021,0,284,16.7,2023-03-20T17:00:00,2023-03-20T17:00:00,1679331600,1.9,16,Few clouds,801,c02d,272,6,2.8
15.2,263.1,32,2023-03-20:18,10,47,421,8.1,97,,d,0,994,final,71,1021,0,95,15.2,2023-03-20T18:00:00,2023-03-20T18:00:00,1679335200,1.4,16,Scattered clouds,802,c02d,282,4,2
13,273.1,26,2023-03-20:19,8.9,0,0,-3.1,0,,n,0,994,final,76,1021,0,0,13,2023-03-20T19:00:00,2023-03-20T19:00:00,1679338800,0,16,Scattered clouds,802,c02n,286,3.2,2
13,283.4,30,2023-03-20:20,9.3,0,0,-14.2,0,,n,0,994,final,78,1021,0,0,13,2023-03-20T20:00:00,2023-03-20T20:00:00,1679342400,0,16,Scattered clouds,802,c02n,290,2.4,1.2
12.2,294.7,28,2023-03-20:21,9.2,0,0,-24.8,0,,n,0,995,final,82,1022,0,0,12.2,2023-03-20T21:00:00,2023-03-20T21:00:00,1679346000,0,16,Scattered clouds,802,c02n,298,2,0.8
10.7,308,15,2023-03-20:22,8.5,0,0,-34.3,0,,n,0,995,final,86,1022,0,0,10.7,2023-03-20T22:00:00,2023-03-20T22:00:00,1679349600,0,16,Few clouds,801,c02n,304,2.4,1.2
10,324.4,52,2023-03-20:23,8.6,0,0,-42.1,0,,n,0,995,final,91,1022,0,0,10,2023-03-20T23:00:00,2023-03-20T23:00:00,1679353200,0,16,Broken clouds,803,c03n,330,2.4,1.2
9.6,344.4,89,2023-03-21:00,8,0,0,-47,0,,n,0,995,final,90,1022,0,0,9.6,2023-03-21T00:00:00,2023-03-21T00:00:00,1679356800,0,16,Overcast clouds,804,c04n,36,1.6,0.8
9.6,6.6,100,2023-03-21:01,8.5,0,0,-47.8,0,,n,0,995,final,93,1022,0,0,9.6,2023-03-21T01:00:00,2023-03-21T01:00:00,1679360400,0,16,Overcast clouds,804,c04n,82,2.4,0.8
9.3,27.8,100,2023-03-21:02,8.2,0,0,-44.5,0,,n,0,995,final,93,1022,0,0,9.3,2023-03-21T02:00:00,2023-03-21T02:00:00,1679364000,0,16,Overcast clouds,804,c04n,88,2.8,1.6
9.3,45.6,100,2023-03-21:03,8.2,0,0,-37.8,0,,n,0,994,final,93,1021,0,0,9.3,2023-03-21T03:00:00,2023-03-21T03:00:00,1679367600,0,16,Overcast clouds,804,c04n,94,3.6,2
8.9,60.1,100,2023-03-21:04,7.8,0,0,-28.8,0,,n,0,994,final,93,1021,0,0,8.9,2023-03-21T04:00:00,2023-03-21T04:00:00,1679371200,0,16,Overcast clouds,804,c04n,94,3.2,2
8.1,72.1,98,2023-03-21:05,7,0,0,-18.5,0,,n,0.5,994,final,93,1021,0,0,8.1,2023-03-21T05:00:00,2023-03-21T05:00:00,1679374800,0,16,Overcast clouds,804,c04n,90,2.8,1.6
8.5,82.6,94,2023-03-21:06,7.4,0,0,-7.6,0,,n,0.25,994,final,93,1021,0,0,8.5,2023-03-21T06:00:00,2023-03-21T06:00:00,1679378400,0,16,Overcast clouds,804,c04n,98,2.8,1.6
8.9,92.6,95,2023-03-21:07,7,28,225,3.6,33,,d,0,994,final,88,1021,0,36,8.9,2023-03-21T07:00:00,2023-03-21T07:00:00,1679382000,0.6,16,Overcast clouds,804,c04n,104,2.8,1.6
10.4,102.8,90,2023-03-21:08,8.2,66,591,14.7,209,,d,0,994,final,86,1021,0,78,10.4,2023-03-21T08:00:00,2023-03-21T08:00:00,1679385600,0.7,16,Overcast clouds,804,c04d,108,3.2,1.2
12.6,114.1,87,2023-03-21:09,9.2,87,744,25.3,399,,d,0,994,final,80,1021,0,175,12.6,2023-03-21T09:00:00,2023-03-21T09:00:00,1679389200,1.1,16,Overcast clouds,804,c04d,130,3.2,0.4
14.4,127.5,78,2023-03-21:10,10.6,101,827,35,569,,d,0,994,final,78,1021,0,331,14.4,2023-03-21T10:00:00,2023-03-21T10:00:00,1679392800,1.8,16,Overcast clouds,804,c04d,20,4,0.4
15.9,143.9,76,2023-03-21:11,10.4,110,873,42.8,697,,d,0,994,final,70,1021,0,429,15.9,2023-03-21T11:00:00,2023-03-21T11:00:00,1679396400,2.5,16,Overcast clouds,804,c04d,302,4,0.8
17,164.2,46,2023-03-21:12,9.9,114,896,47.8,771,,d,0,994,final,63,1021,0,721,17,2023-03-21T12:00:00,2023-03-21T12:00:00,1679400000,4.3,16,Broken clouds,803,c03d,286,4.4,1.2
17.4,186.7,60,2023-03-21:13,10.3,115,900,48.7,784,,d,0,994,final,63,1020,0,636,17.4,2023-03-21T13:00:00,2023-03-21T13:00:00,1679403600,3.8,16,Broken clouds,803,c03d,278,5.6,1.6
17.8,208.3,47,2023-03-21:14,10.4,112,885,45.3,734,,d,0,993,final,62,1019,0,661,17.8,2023-03-21T14:00:00,2023-03-21T14:00:00,1679407200,3.9,16,Broken clouds,803,c03d,278,6.8,2.4
17.8,226.3,29,2023-03-21:15,10.4,105,850,38.5,628,,d,0,993,final,62,1019,0,600,17.8,2023-03-21T15:00:00,2023-03-21T15:00:00,1679410800,3.6,16,Scattered clouds,802,c02d,282,7.2,2.8
17.4,240.8,26,2023-03-21:16,10.3,94,784,29.5,474,,d,0,993,final,63,1019,0,455,17.4,2023-03-21T16:00:00,2023-03-21T16:00:00,1679414400,2.6,16,Scattered clouds,802,c02d,284,7.2,3.2
16.3,252.8,16,2023-03-21:17,9.9,76,668,19.2,289,,d,0,992,final,66,1019,0,288,16.3,2023-03-21T17:00:00,2023-03-21T17:00:00,1679418000,2,16,Few clouds,801,c02d,288,7.2,3.2
15.2,263.4,71,2023-03-21:18,9.6,48,427,8.3,100,,d,0,992,final,69,1019,0,72,15.2,2023-03-21T18:00:00,2023-03-21T18:00:00,1679421600,0.9,16,Overcast clouds,804,c04d,290,5.6,2.8
12.6,273.4,100,2023-03-21:19,9.2,0,0,-2.9,0,,n,0,992,final,80,1019,0,0,12.6,2023-03-21T19:00:00,2023-03-21T19:00:00,1679425200,0,16,Overcast clouds,804,c04n,290,4,2.4
12.2,283.7,100,2023-03-21:20,9.2,0,0,-14,0,,n,0,993,final,82,1020,0,0,12.2,2023-03-21T20:00:00,2023-03-21T20:00:00,1679428800,0,16,Overcast clouds,804,c04n,290,2.4,1.2
12.6,295,97,2023-03-21:21,9.6,0,0,-24.5,0,,n,0,993,final,82,1020,0,0,12.6,2023-03-21T21:00:00,2023-03-21T21:00:00,1679432400,0,16,Overcast clouds,804,c04n,264,2,0.8
11.9,308.3,99,2023-03-21:22,9.6,0,0,-34.1,0,,n,0,993,final,86,1020,0,0,11.9,2023-03-21T22:00:00,2023-03-21T22:00:00,1679436000,0,16,Overcast clouds,804,c04n,220,2,1.2
11.1,324.7,100,2023-03-21:23,9.7,0,0,-41.8,0,,n,0,993,final,91,1020,0,0,11.1,2023-03-21T23:00:00,2023-03-21T23:00:00,1679439600,0,16,Overcast clouds,804,c04n,160,1.6,1.2
10.4,344.6,100,2023-03-22:00,9.3,0,0,-46.6,0,,n,0,993,final,93,1020,0,0,10.4,2023-03-22T00:00:00,2023-03-22T00:00:00,1679443200,0,16,Overcast clouds,804,c04n,154,1.6,0.8
9.3,6.6,98,2023-03-22:01,8.2,0,0,-47.4,0,,n,0,992,final,93,1019,0,0,9.3,2023-03-22T01:00:00,2023-03-22T01:00:00,1679446800,0,16,Overcast clouds,804,c04n,112,2,1.2
8.5,27.7,100,2023-03-22:02,7.4,0,0,-44.1,0,,n,0,991,final,93,1018,0,0,8.5,2023-03-22T02:00:00,2023-03-22T02:00:00,1679450400,0,16,Overcast clouds,804,c04n,110,2,1.6
8.9,45.4,100,2023-03-22:03,7.8,0,0,-37.4,0,,n,0,991,final,93,1018,0,0,8.9,2023-03-22T03:00:00,2023-03-22T03:00:00,1679454000,0,16,Overcast clouds,804,c04n,98,2,1.2
8.1,59.8,100,2023-03-22:04,7.3,0,0,-28.5,0,,n,0,991,final,95,1018,0,0,8.1,2023-03-22T04:00:00,2023-03-22T04:00:00,1679457600,0,16,Overcast clouds,804,c04n,104,2.4,1.6
7.8,71.8,100,2023-03-22:05,7.1,0,0,-18.2,0,,n,0,990,final,95,1017,0,0,7.8,2023-03-22T05:00:00,2023-03-22T05:00:00,1679461200,0,16,Overcast clouds,804,c04n,104,2.8,1.6
7.8,82.4,99,2023-03-22:06,7.1,0,0,-7.3,0,,n,0,991,final,95,1018,0,0,7.8,2023-03-22T06:00:00,2023-03-22T06:00:00,1679464800,0,16,Overcast clouds,804,c04n,112,2.8,1.6
8.1,92.4,96,2023-03-22:07,7,30,242,3.9,37,,d,0,991,final,93,1018,0,38,8.1,2023-03-22T07:00:00,2023-03-22T07:00:00,1679468400,0.6,16,Overcast clouds,804,c04n,106,3.6,1.6
10.4,102.6,100,2023-03-22:08,9,67,597,15,214,,d,0,991,final,91,1018,0,88,10.4,2023-03-22T08:00:00,2023-03-22T08:00:00,1679472000,0.6,16,Overcast clouds,804,c04d,118,4,2
11.9,113.9,99,2023-03-22:09,9.6,88,747,25.7,405,,d,0.25,991,final,86,1018,0,141,11.9,2023-03-22T09:00:00,2023-03-22T09:00:00,1679475600,0.9,16,Overcast clouds,804,c04d,156,4.4,1.6
13.3,127.3,100,2023-03-22:10,9.9,101,829,35.3,574,,d,0.5,991,final,80,1018,0,158,13.3,2023-03-22T10:00:00,2023-03-22T10:00:00,1679479200,1.2,16,Overcast clouds,804,c04d,190,6.4,2.4
14.4,143.8,100,2023-03-22:11,9.6,110,875,43.2,702,,d,0.5,991,final,73,1018,0,180,14.4,2023-03-22T11:00:00,2023-03-22T11:00:00,1679482800,1.7,16,Overcast clouds,804,c04d,202,7.6,3.2
15.2,164.2,100,2023-03-22:12,9.3,114,897,48.2,776,,d,0,991,final,68,1018,0,192,15.2,2023-03-22T12:00:00,2023-03-22T12:00:00,1679486400,2,16,Overcast clouds,804,c04d,212,8.4,3.6
15.6,186.9,100,2023-03-22:13,9.7,115,901,49.1,789,,d,0.25,991,final,68,1018,0,194,15.6,2023-03-22T13:00:00,2023-03-22T13:00:00,1679490000,2,16,Overcast clouds,804,c04d,214,8.8,4
15.6,208.6,100,2023-03-22:14,9.7,112,886,45.7,739,,d,0.5,990,final,68,1017,0,186,15.6,2023-03-22T14:00:00,2023-03-22T14:00:00,1679493600,1.8,16,Overcast clouds,804,c04d,212,8.8,4
15.9,226.7,100,2023-03-22:15,9.6,105,851,38.8,632,,d,0,990,final,66,1017,0,168,15.9,2023-03-22T15:00:00,2023-03-22T15:00:00,1679497200,1.4,16,Overcast clouds,804,c04d,216,9.2,4
15.6,241.2,100,2023-03-22:16,9.7,94,786,29.8,478,,d,0,990,final,68,1017,0,142,15.6,2023-03-22T16:00:00,2023-03-22T16:00:00,1679500800,1,16,Overcast clouds,804,c04d,218,9.2,4.4
14.4,253.2,98,2023-03-22:17,9.2,77,671,19.4,293,,d,0,989,final,71,1016,0,124,14.4,2023-03-22T17:00:00,2023-03-22T17:00:00,1679504400,0.7,16,Overcast clouds,804,c04d,214,8.4,3.6
14.1,263.8,97,2023-03-22:18,9.7,48,434,8.5,103,,d,0,990,final,75,1017,0,67,14.1,2023-03-22T18:00:00,2023-03-22T18:00:00,1679508000,0.6,16,Overcast clouds,804,c04d,212,6.4,2.8
13.3,273.8,93,2023-03-22:19,9.9,0,0,-2.7,0,,n,0,990,final,80,1017,0,0,13.3,2023-03-22T19:00:00,2023-03-22T19:00:00,1679511600,0,16,Overcast clouds,804,c04n,196,5.2,2.4
13,284,78,2023-03-22:20,10.4,0,0,-13.8,0,,n,0,990,final,84,1017,0,0,13,2023-03-22T20:00:00,2023-03-22T20:00:00,1679515200,0,16,Overcast clouds,804,c04n,176,5.2,2.8
12.2,295.4,84,2023-03-22:21,9.9,0,0,-24.3,0,,n,0,990,final,86,1017,0,0,12.2,2023-03-22T21:00:00,2023-03-22T21:00:00,1679518800,0,16,Overcast clouds,804,c04n,170,6,3.2
12.2,308.7,91,2023-03-22:22,10.3,0,0,-33.8,0,,n,0,990,final,88,1017,0,0,12.2,2023-03-22T22:00:00,2023-03-22T22:00:00,1679522400,0,16,Overcast clouds,804,c04n,172,6.4,2.8
12.2,325,93,2023-03-22:23,10.3,0,0,-41.5,0,,n,0,990,final,88,1017,0,0,12.2,2023-03-22T23:00:00,2023-03-22T23:00:00,1679526000,0,16,Overcast clouds,804,c04n,170,6.8,2.8
12.2,344.8,92,2023-03-23:00,9.9,0,0,-46.2,0,,n,0.25,990,final,86,1017,0,0,12.2,2023-03-23T00:00:00,2023-03-23T00:00:00,1679529600,0,16,Overcast clouds,804,c04n,162,6.8,2.8
12.2,6.7,95,2023-03-23:01,9.9,0,0,-47,0,,n,0,989,final,86,1016,0,0,12.2,2023-03-23T01:00:00,2023-03-23T01:00:00,1679533200,0,16,Overcast clouds,804,c04n,158,6.8,2.8
12.6,27.6,100,2023-03-23:02,10,0,0,-43.7,0,,n,0,989,final,84,1016,0,0,12.6,2023-03-23T02:00:00,2023-03-23T02:00:00,1679536800,0,16,Overcast clouds,804,c04n,154,6.4,2.8
12.6,45.3,100,2023-03-23:03,10.3,0,0,-37,0,,n,0,988,final,86,1015,0,0,12.6,2023-03-23T03:00:00,2023-03-23T03:00:00,1679540400,0,16,Overcast clouds,804,c04n,152,6,2.8
12.6,59.6,100,2023-03-23:04,10,0,0,-28.1,0,,n,0,988,final,84,1015,0,0,12.6,2023-03-23T04:00:00,2023-03-23T04:00:00,1679544000,0,16,Overcast clouds,804,c04n,152,5.6,2.4
12.6,71.6,100,2023-03-23:05,10,0,0,-17.9,0,,n,0,987,final,84,1014,0,0,12.6,2023-03-23T05:00:00,2023-03-23T05:00:00,1679547600,0,16,Overcast clouds,804,c04n,148,5.6,2.8
12.2,82.1,100,2023-03-23:06,9.6,0,0,-7,0,,n,0,987,final,84,1014,0,0,12.2,2023-03-23T06:00:00,2023-03-23T06:00:00,1679551200,0,16,Overcast clouds,804,c04n,148,6,2.8
12.2,92.1,100,2023-03-23:07,9.6,31,259,4.2,41,,d,0,987,final,84,1014,0,35,12.2,2023-03-23T07:00:00,2023-03-23T07:00:00,1679554800,0.5,16,Overcast clouds,804,c04n,152,6.8,2.8
12.6,102.4,100,2023-03-23:08,10,68,603,15.4,220,,d,0,987,final,84,1014,0,83,12.6,2023-03-23T08:00:00,2023-03-23T08:00:00,1679558400,0.6,16,Overcast clouds,804,c04d,158,7.6,3.6
13,113.7,100,2023-03-23:09,10.7,88,750,26,411,,d,0,988,final,86,1015,0,115,13,2023-03-23T09:00:00,2023-03-23T09:00:00,1679562000,0.9,16,Overcast clouds,804,c04d,170,8,3.6
13.3,127,100,2023-03-23:10,11.5,102,831,35.7,580,,d,0.5,988,final,89,1015,0,140,13.3,2023-03-23T10:00:00,2023-03-23T10:00:00,1679565600,1.3,16,Overcast clouds,804,c04d,184,11.2,5.2
13.7,143.6,100,2023-03-23:11,11.9,110,876,43.6,708,,d,0,988,final,89,1015,0,155,13.7,2023-03-23T11:00:00,2023-03-23T11:00:00,1679569200,1.7,16,Overcast clouds,804,c04d,188,12,6
14.1,164.1,100,2023-03-23:12,12.3,115,898,48.6,781,,d,0,988,final,89,1015,0,164,14.1,2023-03-23T12:00:00,2023-03-23T12:00:00,1679572800,2,16,Overcast clouds,804,c04d,188,13.2,5.6
14.8,187.1,100,2023-03-23:13,12.7,115,902,49.5,794,,d,0.25,988,final,87,1015,0,165,14.8,2023-03-23T13:00:00,2023-03-23T13:00:00,1679576400,2.1,10,Overcast clouds,804,c04d,192,12.8,5.6
14.4,208.9,100,2023-03-23:14,12.3,112,887,46,744,,d,0.5,988,final,87,1015,0,159,14.4,2023-03-23T14:00:00,2023-03-23T14:00:00,1679580000,1.8,16,Overcast clouds,804,c04d,198,14.4,6
14.8,227,100,2023-03-23:15,12.7,106,852,39.1,636,,d,0.75,987,final,87,1014,0,146,14.8,2023-03-23T15:00:00,2023-03-23T15:00:00,1679583600,1.4,16,Light rain,500,r01d,200,14.4,6.4
14.8,241.6,100,2023-03-23:16,12.7,94,788,30,482,,d,1,987,final,87,1014,0,124,14.8,2023-03-23T16:00:00,2023-03-23T16:00:00,1679587200,1,16,Light rain,500,r01d,200,13.6,6
14.4,253.6,100,2023-03-23:17,12.6,77,673,19.7,297,,d,0.25,987,final,89,1014,0,95,14.4,2023-03-23T17:00:00,2023-03-23T17:00:00,1679590800,0.7,16,Overcast clouds,804,c04d,206,12.8,6
14.1,264.1,100,2023-03-23:18,12.3,49,440,8.7,107,,d,0.5,987,final,89,1014,0,55,14.1,2023-03-23T18:00:00,2023-03-23T18:00:00,1679594400,0.6,16,Overcast clouds,804,c04d,206,12,6.4
14.4,274.1,100,2023-03-23:19,12.6,0,0,-2.5,0,,n,0.5,988,final,89,1015,0,0,14.4,2023-03-23T19:00:00,2023-03-23T19:00:00,1679598000,0,10,Overcast clouds,804,c04n,202,12,5.6
14.1,284.4,100,2023-03-23:20,12.7,0,0,-13.5,0,,n,0.5,988,final,91,1015,0,0,14.1,2023-03-23T20:00:00,2023-03-23T20:00:00,1679601600,0,10,Overcast clouds,804,c04n,198,12,5.6
13.7,295.7,100,2023-03-23:21,12.6,0,0,-24.1,0,,n,1,988,final,93,1015,0,0,13.7,2023-03-23T21:00:00,2023-03-23T21:00:00,1679605200,0,10,Light rain,500,r01n,198,11.6,5.6
13.3,309,100,2023-03-23:22,13,0,0,-33.5,0,,n,1.5,988,final,98,1015,0,0,13.3,2023-03-23T22:00:00,2023-03-23T22:00:00,1679608800,0,10,Light rain,500,r01n,196,11.6,5.2
13.3,325.3,100,2023-03-23:23,13,0,0,-41.1,0,,n,0.25,988,final,98,1015,0,0,13.3,2023-03-23T23:00:00,2023-03-23T23:00:00,1679612400,0,16,Fog,741,a05n,200,11.2,5.2
13.3,345,100,2023-03-24:00,12.5,0,0,-45.8,0,,n,2,988,final,95,1015,0,0,13.3,2023-03-24T00:00:00,2023-03-24T00:00:00,1679616000,0,16,Light rain,500,r01n,210,10,5.2
13.7,6.8,100,2023-03-24:01,12.9,0,0,-46.7,0,,n,1.25,988,final,95,1015,0,0,13.7,2023-03-24T01:00:00,2023-03-24T01:00:00,1679619600,0,16,Light rain,500,r01n,224,10,4.4
13.7,27.5,100,2023-03-24:02,12.9,0,0,-43.3,0,,n,0.25,989,final,95,1016,0,0,13.7,2023-03-24T02:00:00,2023-03-24T02:00:00,1679623200,0,10,Overcast clouds,804,c04n,238,8,3.6
13,45.1,100,2023-03-24:03,12.2,0,0,-36.6,0,,n,0.75,988,final,95,1015,0,0,13,2023-03-24T03:00:00,2023-03-24T03:00:00,1679626800,0,10,Light rain,500,r01n,252,6,2.4
12.6,59.4,100,2023-03-24:04,11.8,0,0,-27.8,0,,n,0.25,989,final,95,1016,0,0,12.6,2023-03-24T04:00:00,2023-03-24T04:00:00,1679630400,0,10,Overcast clouds,804,c04n,272,4.4,2
12.2,71.3,97,2023-03-24:05,11.4,0,0,-17.5,0,,n,0,989,final,95,1016,0,0,12.2,2023-03-24T05:00:00,2023-03-24T05:00:00,1679634000,0,10,Overcast clouds,804,c04n,278,3.6,2
11.5,81.9,79,2023-03-24:06,10.7,0,0,-6.7,0,,n,0,990,final,95,1017,0,0,11.5,2023-03-24T06:00:00,2023-03-24T06:00:00,1679637600,0,10,Overcast clouds,804,c04n,284,3.2,1.6
11.1,91.9,32,2023-03-24:07,10.8,33,275,4.6,45,,d,0,991,final,98,1018,0,43,11.1,2023-03-24T07:00:00,2023-03-24T07:00:00,1679641200,1.4,16,Fog,741,a05n,290,3.2,1.2
11.9,102.1,38,2023-03-24:08,11.1,68,608,15.7,225,,d,0,992,final,95,1019,0,210,11.9,2023-03-24T08:00:00,2023-03-24T08:00:00,1679644800,1.5,16,Scattered clouds,802,c02d,298,4,1.6
13.3,113.4,22,2023-03-24:09,11,89,753,26.4,417,,d,0,993,final,86,1020,0,401,13.3,2023-03-24T09:00:00,2023-03-24T09:00:00,1679648400,2.4,16,Scattered clouds,802,c02d,288,5.6,2
14.4,126.8,51,2023-03-24:10,10.6,102,833,36.1,586,,d,0,994,final,78,1021,0,514,14.4,2023-03-24T10:00:00,2023-03-24T10:00:00,1679652000,2.7,16,Broken clouds,803,c03d,278,6.4,2.4
15.9,143.5,60,2023-03-24:11,10,111,877,44,713,,d,0,994,final,68,1021,0,600,15.9,2023-03-24T11:00:00,2023-03-24T11:00:00,1679655600,3.2,16,Broken clouds,803,c03d,268,8,3.2
16.3,164.1,49,2023-03-24:12,9.3,115,899,49,786,,d,0,995,final,63,1022,0,723,16.3,2023-03-24T12:00:00,2023-03-24T12:00:00,1679659200,4.3,16,Broken clouds,803,c03d,266,8.8,3.6
16.3,187.3,71,2023-03-24:13,9,116,903,49.9,798,,d,0,995,final,62,1022,0,574,16.3,2023-03-24T13:00:00,2023-03-24T13:00:00,1679662800,3.4,16,Overcast clouds,804,c04d,264,8.8,4
16.7,209.2,77,2023-03-24:14,8.1,113,888,46.3,748,,d,0,995,final,57,1022,0,471,16.7,2023-03-24T14:00:00,2023-03-24T14:00:00,1679666400,2.8,16,Overcast clouds,804,c04d,268,8.8,4
16.7,227.4,77,2023-03-24:15,8.1,106,853,39.4,641,,d,0,995,final,57,1022,0,404,16.7,2023-03-24T15:00:00,2023-03-24T15:00:00,1679670000,2.2,16,Overcast clouds,804,c04d,268,8.4,3.6
16.3,241.9,64,2023-03-24:16,7.5,95,789,30.3,486,,d,0,995,final,56,1022,0,390,16.3,2023-03-24T16:00:00,2023-03-24T16:00:00,1679673600,1.8,16,Broken clouds,803,c03d,268,7.6,3.2
15.6,253.9,50,2023-03-24:17,7.4,77,676,19.9,300,,d,0,995,final,58,1022,0,274,15.6,2023-03-24T17:00:00,2023-03-24T17:00:00,1679677200,1.5,16,Broken clouds,803,c03d,268,6.8,3.2
14.4,264.5,58,2023-03-24:18,7.7,50,447,8.9,110,,d,0,996,final,64,1023,0,94,14.4,2023-03-24T18:00:00,2023-03-24T18:00:00,1679680800,1.1,16,Broken clouds,803,c03d,274,4.8,2.8
12.6,274.5,59,2023-03-24:19,8.5,0,0,-2.3,0,,n,0,996,final,76,1023,0,0,12.6,2023-03-24T19:00:00,2023-03-24T19:00:00,1679684400,0,16,Broken clouds,803,c03n,270,3.6,2
11.9,284.7,60,2023-03-24:20,8.2,0,0,-13.3,0,,n,0,997,final,78,1024,0,0,11.9,2023-03-24T20:00:00,2023-03-24T20:00:00,1679688000,0,16,Broken clouds,803,c03n,254,3.2,2
13,296.1,58,2023-03-24:21,7,0,0,-23.8,0,,n,0,997,final,67,1024,0,0,13,2023-03-24T21:00:00,2023-03-24T21:00:00,1679691600,0,16,Broken clouds,803,c03n,246,2.4,1.6
11.9,309.4,43,2023-03-24:22,7,0,0,-33.2,0,,n,0,997,final,72,1024,0,0,11.9,2023-03-24T22:00:00,2023-03-24T22:00:00,1679695200,0,16,Broken clouds,803,c03n,316,2,0.4
11.1,325.6,36,2023-03-24:23,6.6,0,0,-40.8,0,,n,0,998,final,74,1025,0,0,11.1,2023-03-24T23:00:00,2023-03-24T23:00:00,1679698800,0,16,Scattered clouds,802,c02n,114,0.8,0.4
9.3,345.2,30,2023-03-25:00,6.7,0,0,-45.5,0,,n,0,998,final,84,1025,0,0,9.3,2023-03-25T00:00:00,2023-03-25T00:00:00,1679702400,0,16,Scattered clouds,802,c02n,106,1.6,0.8
8.5,6.8,27,2023-03-25:01,6.3,0,0,-46.3,0,,n,0,998,final,86,1025,0,0,8.5,2023-03-25T01:00:00,2023-03-25T01:00:00,1679706000,0,16,Scattered clouds,802,c02n,102,2,1.2
7.4,27.4,30,2023-03-25:02,5.9,0,0,-42.9,0,,n,0,997,final,90,1024,0,0,7.4,2023-03-25T02:00:00,2023-03-25T02:00:00,1679709600,0,16,Scattered clouds,802,c02n,106,2.8,1.6
6.1,44.9,32,2023-03-25:03,5.9,0,0,-36.3,0,,n,0,996,final,93,1024,0,0,7,2023-03-25T03:00:00,2023-03-25T03:00:00,1679713200,0,16,Scattered clouds,802,c02n,112,3.2,1.6
4.9,59.2,91,2023-03-25:04,5.6,0,0,-27.4,0,,n,0,995,final,95,1023,0,0,6.3,2023-03-25T04:00:00,2023-03-25T04:00:00,1679716800,0,16,Overcast clouds,804,c04n,102,3.2,2
4.1,71.1,100,2023-03-25:05,5.5,0,0,-17.2,0,,n,0,995,final,97,1023,0,0,5.9,2023-03-25T05:00:00,2023-03-25T05:00:00,1679720400,0,16,Fog,741,a05n,98,3.6,2.4
3.2,81.6,99,2023-03-25:06,4.8,0,0,-6.3,0,,n,0,995,final,97,1023,0,0,5.2,2023-03-25T06:00:00,2023-03-25T06:00:00,1679724000,0,16,Fog,741,a05n,100,3.6,2.4
2.8,91.6,97,2023-03-25:07,4.4,34,290,4.9,49,,d,0,995,final,97,1023,0,43,4.8,2023-03-25T07:00:00,2023-03-25T07:00:00,1679727600,0.6,16,Fog,741,a05n,94,4.8,2.4
7.4,101.9,97,2023-03-25:08,6.3,69,614,16,231,,d,0,997,final,93,1024,0,113,7.4,2023-03-25T08:00:00,2023-03-25T08:00:00,1679731200,0.7,16,Overcast clouds,804,c04d,100,5.2,2.4
10.4,113.2,97,2023-03-25:09,8.2,89,756,26.7,423,,d,0,997,final,86,1024,0,169,10.4,2023-03-25T09:00:00,2023-03-25T09:00:00,1679734800,0.9,16,Overcast clouds,804,c04d,118,5.6,2
13.7,126.6,95,2023-03-25:10,8.1,103,834,36.4,591,,d,0,997,final,69,1024,0,144,13.7,2023-03-25T10:00:00,2023-03-25T10:00:00,1679738400,1.4,16,Overcast clouds,804,c04d,148,7.2,2.8
14.8,143.4,98,2023-03-25:11,7.8,111,879,44.4,719,,d,0,997,final,63,1024,0,115,14.8,2023-03-25T11:00:00,2023-03-25T11:00:00,1679742000,1.8,16,Overcast clouds,804,c04d,174,8.4,3.6
15.9,164.1,100,2023-03-25:12,7.7,115,900,49.4,791,,d,0,996,final,58,1023,0,194,15.9,2023-03-25T12:00:00,2023-03-25T12:00:00,1679745600,2,16,Overcast clouds,804,c04d,188,9.6,4.4
16.3,187.4,100,2023-03-25:13,8.3,116,904,50.2,803,,d,0,996,final,59,1023,0,196,16.3,2023-03-25T13:00:00,2023-03-25T13:00:00,1679749200,2.1,16,Overcast clouds,804,c04d,198,10.8,4.8
15.6,209.5,100,2023-03-25:14,8.6,113,889,46.7,753,,d,0.25,996,final,63,1023,0,188,15.6,2023-03-25T14:00:00,2023-03-25T14:00:00,1679752800,1.9,16,Overcast clouds,804,c04d,206,11.6,4.8
15.2,227.7,100,2023-03-25:15,9.3,106,854,39.7,645,,d,0.25,996,final,68,1023,0,171,15.2,2023-03-25T15:00:00,2023-03-25T15:00:00,1679756400,1.5,16,Overcast clouds,804,c04d,208,11.6,5.2
14.8,242.3,100,2023-03-25:16,10,95,791,30.5,490,,d,0,995,final,73,1022,0,144,14.8,2023-03-25T16:00:00,2023-03-25T16:00:00,1679760000,1,16,Overcast clouds,804,c04d,208,10.8,5.6
14.4,254.3,100,2023-03-25:17,11,78,679,20.1,304,,d,0.25,995,final,80,1022,0,98,14.4,2023-03-25T17:00:00,2023-03-25T17:00:00,1679763600,0.7,16,Overcast clouds,804,c04d,210,9.6,6
14.1,264.8,100,2023-03-25:18,11.8,50,453,9.1,113,,d,0,995,final,86,1022,0,57,14.1,2023-03-25T18:00:00,2023-03-25T18:00:00,1679767200,0.6,16,Overcast clouds,804,c04d,210,10.4,4.8
14.1,274.8,100,2023-03-25:19,12.3,0,0,-2.1,0,,n,0.5,995,final,89,1022,0,0,14.1,2023-03-25T19:00:00,2023-03-25T19:00:00,1679770800,0,16,Overcast clouds,804,c04n,212,10.8,4.8
13.7,285.1,100,2023-03-25:20,12.6,0,0,-13.1,0,,n,1,995,final,93,1022,0,0,13.7,2023-03-25T20:00:00,2023-03-25T20:00:00,1679774400,0,16,Light rain,500,r01n,216,10.8,4.8
13.7,296.4,100,2023-03-25:21,12.9,0,0,-23.6,0,,n,1,995,final,95,1022,0,0,13.7,2023-03-25T21:00:00,2023-03-25T21:00:00,1679778000,0,16,Light rain,500,r01n,228,10,4.8
13.7,309.7,99,2023-03-25:22,12.9,0,0,-33,0,,n,0.25,995,final,95,1022,0,0,13.7,2023-03-25T22:00:00,2023-03-25T22:00:00,1679781600,0,10,Overcast clouds,804,c04n,250,9.2,4.4
13.7,326,80,2023-03-25:23,12.6,0,0,-40.5,0,,n,0.5,996,final,93,1023,0,0,13.7,2023-03-25T23:00:00,2023-03-25T23:00:00,1679785200,0,10,Overcast clouds,804,c04n,272,8.4,3.2
13,345.5,56,2023-03-26:00,11.9,0,0,-45.1,0,,n,0,996,final,93,1023,0,0,13,2023-03-26T00:00:00,2023-03-26T00:00:00,1679788800,0,10,Broken clouds,803,c03n,290,7.2,2.8
12.2,6.9,48,2023-03-26:01,10.8,0,0,-45.8,0,,n,0,996,final,91,1023,0,0,12.2,2023-03-26T02:00:00,2023-03-26T01:00:00,1679792400,0,16,Broken clouds,803,c03n,302,6,2.4
11.5,27.3,38,2023-03-26:02,10.1,0,0,-42.5,0,,n,0,996,final,91,1023,0,0,11.5,2023-03-26T03:00:00,2023-03-26T02:00:00,1679796000,0,16,Scattered clouds,802,c02n,298,5.2,2
11.1,44.7,45,2023-03-26:03,9.7,0,0,-35.9,0,,n,0,996,final,91,1023,0,0,11.1,2023-03-26T04:00:00,2023-03-26T03:00:00,1679799600,0,16,Broken clouds,803,c03n,292,4.4,2
10.4,59,46,2023-03-26:04,9,0,0,-27,0,,n,0,996,final,91,1023,0,0,10.4,2023-03-26T05:00:00,2023-03-26T04:00:00,1679803200,0,16,Broken clouds,803,c03n,292,4,1.6
9.6,70.9,51,2023-03-26:05,8.5,0,0,-16.9,0,,n,0,996,final,93,1023,0,0,9.6,2023-03-26T06:00:00,2023-03-26T05:00:00,1679806800,0,16,Broken clouds,803,c03n,306,4,1.6
10,81.4,48,2023-03-26:06,8.6,0,0,-6,0,,n,0,997,final,91,1024,0,0,10,2023-03-26T07:00:00,2023-03-26T06:00:00,1679810400,0,16,Broken clouds,803,c03n,304,3.6,2
9.6,91.4,53,2023-03-26:07,8.5,36,305,5.2,54,,d,0,998,final,93,1025,0,48,9.6,2023-03-26T08:00:00,2023-03-26T07:00:00,1679814000,1.1,16,Broken clouds,803,c03d,302,3.6,1.2
11.1,101.6,77,2023-03-26:08,8.8,70,619,16.3,236,,d,0,998,final,86,1025,0,149,11.1,2023-03-26T09:00:00,2023-03-26T08:00:00,1679817600,1,16,Overcast clouds,804,c04d,304,4.4,1.6
12.6,112.9,68,2023-03-26:09,8.9,90,759,27,428,,d,0,999,final,78,1026,0,324,12.6,2023-03-26T10:00:00,2023-03-26T09:00:00,1679821200,1.5,16,Broken clouds,803,c03d,314,7.6,3.2
14.4,126.4,69,2023-03-26:10,7.7,103,836,36.8,597,,d,0,999,final,64,1026,0,445,14.4,2023-03-26T11:00:00,2023-03-26T10:00:00,1679824800,2.2,16,Broken clouds,803,c03d,312,8.8,3.6
15.2,143.2,88,2023-03-26:11,7.5,111,880,44.8,724,,d,0,999,final,60,1026,0,302,15.2,2023-03-26T12:00:00,2023-03-26T11:00:00,1679828400,2.2,16,Overcast clouds,804,c04d,312,9.2,3.6
15.9,164.1,86,2023-03-26:12,7.1,115,902,49.8,797,,d,0,999,final,56,1026,0,367,15.9,2023-03-26T13:00:00,2023-03-26T12:00:00,1679832000,2.7,16,Overcast clouds,804,c04d,308,9.2,3.2
16.3,187.6,68,2023-03-26:13,7,116,905,50.6,808,,d,0,999,final,54,1026,0,612,16.3,2023-03-26T14:00:00,2023-03-26T13:00:00,1679835600,3.6,16,Broken clouds,803,c03d,308,8.8,3.6
16.3,209.8,48,2023-03-26:14,7,113,890,47,757,,d,0,999,final,54,1026,0,701,16.3,2023-03-26T15:00:00,2023-03-26T14:00:00,1679839200,4.1,16,Broken clouds,803,c03d,314,8.4,3.6
16.7,228.1,22,2023-03-26:15,7.1,106,855,40,649,,d,0,999,final,53,1026,0,646,16.7,2023-03-26T16:00:00,2023-03-26T15:00:00,1679842800,4.1,16,Scattered clouds,802,c02d,316,8,3.6
16.7,242.6,2,2023-03-26:16,7.4,95,792,30.7,494,,d,0,998,final,54,1025,0,494,16.7,2023-03-26T17:00:00,2023-03-26T16:00:00,1679846400,3.3,16,Few clouds,801,c02d,320,7.2,3.2
15.9,254.6,1,2023-03-26:17,7.1,78,681,20.3,308,,d,0,998,final,56,1025,0,308,15.9,2023-03-26T18:00:00,2023-03-26T17:00:00,1679850000,2.3,16,Clear Sky,800,c01d,322,6.4,3.2
14.8,265.1,1,2023-03-26:18,7.4,51,459,9.3,116,,d,0,998,final,61,1025,0,116,14.8,2023-03-26T19:00:00,2023-03-26T18:00:00,1679853600,1.8,16,Clear Sky,800,c01d,320,4.8,2.4
12.6,275.2,0,2023-03-26:19,6.6,0,0,-1.9,0,,n,0,999,final,67,1026,0,0,12.6,2023-03-26T20:00:00,2023-03-26T19:00:00,1679857200,0,16,Clear Sky,800,c01n,314,4.8,2
12.2,285.4,12,2023-03-26:20,6.3,0,0,-12.9,0,,n,0,999,final,67,1026,0,0,12.2,2023-03-26T21:00:00,2023-03-26T20:00:00,1679860800,0,16,Few clouds,801,c02n,328,4,2
11.1,296.8,5,2023-03-26:21,6.3,0,0,-23.3,0,,n,0,999,final,72,1026,0,0,11.1,2023-03-26T22:00:00,2023-03-26T21:00:00,1679864400,0,16,Few clouds,801,c02n,352,3.6,2
8.9,310.1,10,2023-03-26:22,6,0,0,-32.7,0,,n,0,999,final,82,1026,0,0,8.9,2023-03-26T23:00:00,2023-03-26T22:00:00,1679868000,0,16,Few clouds,801,c02n,10,3.6,1.6
8.1,326.3,49,2023-03-26:23,5.6,0,0,-40.2,0,,n,0,999,final,84,1026,0,0,8.1,2023-03-27T00:00:00,2023-03-26T23:00:00,1679871600,0,16,Broken clouds,803,c03n,32,3.6,2
7.4,345.7,65,2023-03-27:00,5.2,0,0,-44.7,0,,n,0,998,final,86,1026,0,0,7.4,2023-03-27T01:00:00,2023-03-27T00:00:00,1679875200,0,16,Broken clouds,803,c03n,40,4,2
5.3,6.9,69,2023-03-27:01,4.9,0,0,-45.5,0,,n,0,997,final,88,1025,0,0,6.7,2023-03-27T02:00:00,2023-03-27T01:00:00,1679878800,0,16,Broken clouds,803,c03n,40,4,2
4.4,27.2,67,2023-03-27:02,4.1,0,0,-42.1,0,,n,0,997,final,88,1025,0,0,5.9,2023-03-27T03:00:00,2023-03-27T02:00:00,1679882400,0,16,Broken clouds,803,c03n,46,4,2
3.6,44.5,10,2023-03-27:03,3.4,0,0,-35.5,0,,n,0,997,final,88,1025,0,0,5.2,2023-03-27T04:00:00,2023-03-27T03:00:00,1679886000,0,16,Few clouds,801,c02n,56,4,2
3.6,58.7,0,2023-03-27:04,3.4,0,0,-26.7,0,,n,0,996,final,88,1024,0,0,5.2,2023-03-27T05:00:00,2023-03-27T04:00:00,1679889600,0,16,Clear Sky,800,c01n,62,4.4,2
2.8,70.6,1,2023-03-27:05,3,0,0,-16.6,0,,n,0,996,final,88,1024,0,0,4.8,2023-03-27T06:00:00,2023-03-27T05:00:00,1679893200,0,16,Clear Sky,800,c01n,66,4.8,2.4
3.2,81.2,1,2023-03-27:06,3.1,0,0,-5.7,0,,n,0,995,final,86,1023,0,0,5.2,2023-03-27T07:00:00,2023-03-27T06:00:00,1679896800,0,16,Clear Sky,800,c01n,68,4.4,2.4
2.4,91.2,4,2023-03-27:07,2.7,37,319,5.5,58,,d,0,996,final,86,1024,0,58,4.8,2023-03-27T08:00:00,2023-03-27T07:00:00,1679900400,1.7,16,Few clouds,801,c02d,72,5.2,2.8
8.1,101.4,0,2023-03-27:08,4.9,70,625,16.6,242,,d,0,997,final,80,1024,0,242,8.1,2023-03-27T09:00:00,2023-03-27T08:00:00,1679904000,2.1,16,Clear Sky,800,c01d,76,6,2.8
12.2,112.7,0,2023-03-27:09,7.1,90,762,27.4,434,,d,0,997,final,71,1024,0,434,12.2,2023-03-27T10:00:00,2023-03-27T09:00:00,1679907600,2.9,16,Clear Sky,800,c01d,84,5.6,2.4
15.9,126.2,0,2023-03-27:10,6.3,103,838,37.1,603,,d,0,997,final,53,1024,0,603,15.9,2023-03-27T11:00:00,2023-03-27T10:00:00,1679911200,4.3,16,Clear Sky,800,c01d,96,6,2.4
17.8,143.1,0,2023-03-27:11,6,111,881,45.2,729,,d,0,997,final,46,1024,0,729,17.8,2023-03-27T12:00:00,2023-03-27T11:00:00,1679914800,5.7,16,Clear Sky,800,c01d,108,6,2.8
18,164.1,0,2023-03-27:12,6.1,116,902,50.2,802,,d,0,997,final,43,1023,0,802,18.9,2023-03-27T13:00:00,2023-03-27T12:00:00,1679918400,6.7,16,Clear Sky,800,c01d,128,6,2.4
19.1,187.8,0,2023-03-27:13,6.4,116,906,51,813,,d,0,997,final,41,1023,0,813,20,2023-03-27T14:00:00,2023-03-27T13:00:00,1679922000,6.9,16,Clear Sky,800,c01d,152,5.6,2
19.2,210.1,1,2023-03-27:14,7.1,113,891,47.4,762,,d,0,996,final,43,1022,0,762,20,2023-03-27T15:00:00,2023-03-27T14:00:00,1679925600,6.1,16,Clear Sky,800,c01d,180,4.8,1.6
19.8,228.5,11,2023-03-27:15,5.1,107,856,40.2,653,,d,0,996,final,36,1022,0,653,20.7,2023-03-27T16:00:00,2023-03-27T15:00:00,1679929200,4.5,16,Few clouds,801,c02d,190,4,1.6
19.8,243,76,2023-03-27:16,5.1,96,794,31,498,,d,0,995,final,36,1021,0,322,20.7,2023-03-27T17:00:00,2023-03-27T16:00:00,1679932800,1.6,16,Overcast clouds,804,c04d,218,3.6,1.2
18.7,255,95,2023-03-27:17,6,79,684,20.5,312,,d,0,995,final,41,1021,0,155,19.6,2023-03-27T18:00:00,2023-03-27T17:00:00,1679936400,0.8,16,Overcast clouds,804,c04d,268,3.6,1.6
17.8,265.5,98,2023-03-27:18,8.1,51,465,9.5,120,,d,0,995,final,53,1021,0,70,17.8,2023-03-27T19:00:00,2023-03-27T18:00:00,1679940000,0.6,16,Overcast clouds,804,c04d,288,2.8,1.6
15.9,275.5,97,2023-03-27:19,5.8,0,0,-1.7,0,,n,0,994,final,51,1021,0,0,15.9,2023-03-27T20:00:00,2023-03-27T19:00:00,1679943600,0,16,Overcast clouds,804,c04n,314,2.4,1.6
15.2,285.8,99,2023-03-27:20,6.7,0,0,-12.7,0,,n,0,994,final,57,1021,0,0,15.2,2023-03-27T21:00:00,2023-03-27T20:00:00,1679947200,0,16,Overcast clouds,804,c04n,354,1.6,1.2
13.3,297.1,98,2023-03-27:21,7.1,0,0,-23.1,0,,n,0,995,final,66,1022,0,0,13.3,2023-03-27T22:00:00,2023-03-27T21:00:00,1679950800,0,16,Overcast clouds,804,c04n,30,1.6,1.2
12.6,310.4,49,2023-03-27:22,7.1,0,0,-32.4,0,,n,0,995,final,69,1022,0,0,12.6,2023-03-27T23:00:00,2023-03-27T22:00:00,1679954400,0,16,Broken clouds,803,c03n,50,2,1.2
11.1,326.6,1,2023-03-27:23,6.6,0,0,-39.8,0,,n,0,995,final,74,1022,0,0,11.1,2023-03-28T00:00:00,2023-03-27T23:00:00,1679958000,0,16,Clear Sky,800,c01n,84,2.4,1.6
10,345.9,0,2023-03-28:00,6,0,0,-44.4,0,,n,0,995,final,76,1022,0,0,10,2023-03-28T01:00:00,2023-03-28T00:00:00,1679961600,0,16,Clear Sky,800,c01n,90,3.2,2
10,7,0,2023-03-28:01,6,0,0,-45.1,0,,n,0,994,final,76,1021,0,0,10,2023-03-28T02:00:00,2023-03-28T01:00:00,1679965200,0,16,Clear Sky,800,c01n,84,3.6,1.6
9.6,27.1,0,2023-03-28:02,5.6,0,0,-41.7,0,,n,0,994,final,76,1021,0,0,9.6,2023-03-28T03:00:00,2023-03-28T02:00:00,1679968800,0,16,Clear Sky,800,c01n,80,3.6,2
8.9,44.4,3,2023-03-28:03,5.6,0,0,-35.2,0,,n,0,994,final,80,1021,0,0,8.9,2023-03-28T04:00:00,2023-03-28T03:00:00,1679972400,0,16,Few clouds,801,c02n,80,3.6,2
8.5,58.5,2,2023-03-28:04,5.6,0,0,-26.4,0,,n,0,993,final,82,1020,0,0,8.5,2023-03-28T05:00:00,2023-03-28T04:00:00,1679976000,0,16,Few clouds,801,c02n,82,3.6,2
8.1,70.4,6,2023-03-28:05,4.9,0,0,-16.2,0,,n,0,993,final,80,1020,0,0,8.1,2023-03-28T06:00:00,2023-03-28T05:00:00,1679979600,0,16,Few clouds,801,c02n,84,4,2
8.1,80.9,0,2023-03-28:06,4.9,0,0,-5.4,0,,n,0,993,final,80,1020,0,0,8.1,2023-03-28T07:00:00,2023-03-28T06:00:00,1679983200,0,16,Clear Sky,800,c01n,84,4,2
8.5,90.9,1,2023-03-28:07,4.9,38,333,5.8,63,,d,0,994,final,78,1021,0,63,8.5,2023-03-28T08:00:00,2023-03-28T07:00:00,1679986800,1.8,16,Clear Sky,800,c01d,82,4.8,2
11.9,101.1,38,2023-03-28:08,6.4,71,630,17,248,,d,0,994,final,69,1021,0,240,11.9,2023-03-28T09:00:00,2023-03-28T08:00:00,1679990400,1.5,16,Scattered clouds,802,c02d,88,5.2,2.4
15.2,112.4,99,2023-03-28:09,7.7,91,765,27.7,440,,d,0,994,final,61,1021,0,148,15.2,2023-03-28T10:00:00,2023-03-28T09:00:00,1679994000,0.9,16,Overcast clouds,804,c04d,102,5.2,2
18.9,125.9,97,2023-03-28:10,8.6,104,840,37.5,608,,d,0,995,final,49,1021,0,115,19.6,2023-03-28T11:00:00,2023-03-28T10:00:00,1679997600,1.4,16,Overcast clouds,804,c04d,124,5.2,2
20.8,142.9,87,2023-03-28:11,7.3,112,883,45.5,735,,d,0,995,final,40,1021,0,323,21.5,2023-03-28T12:00:00,2023-03-28T11:00:00,1680001200,2.3,16,Overcast clouds,804,c04d,156,6.4,2.4
21.5,164.1,89,2023-03-28:12,7.2,116,903,50.6,807,,d,0,995,final,38,1021,0,318,22.2,2023-03-28T13:00:00,2023-03-28T12:00:00,1680004800,2.6,16,Overcast clouds,804,c04d,184,7.2,2.8
21.9,188,97,2023-03-28:13,8,116,906,51.4,817,,d,0,995,final,39,1021,0,154,22.6,2023-03-28T14:00:00,2023-03-28T13:00:00,1680008400,2.3,16,Overcast clouds,804,c04d,202,7.6,3.2
22,210.4,95,2023-03-28:14,8.3,114,892,47.7,766,,d,0,995,final,40,1021,0,187,22.6,2023-03-28T15:00:00,2023-03-28T14:00:00,1680012000,2.1,16,Overcast clouds,804,c04d,214,7.2,3.2
21.5,228.9,79,2023-03-28:15,8,107,857,40.5,657,,d,0,994,final,40,1020,0,392,22.2,2023-03-28T16:00:00,2023-03-28T15:00:00,1680015600,2.2,16,Overcast clouds,804,c04d,224,6.8,2.8
21.5,243.4,39,2023-03-28:16,8.3,96,795,31.2,502,,d,0,994,final,41,1020,0,484,22.2,2023-03-28T17:00:00,2023-03-28T16:00:00,1680019200,2.5,16,Scattered clouds,802,c02d,222,5.6,2
21.5,255.3,54,2023-03-28:17,8,79,686,20.8,315,,d,0,994,final,40,1020,0,280,22.2,2023-03-28T18:00:00,2023-03-28T17:00:00,1680022800,1.4,16,Broken clouds,803,c03d,210,4,1.6
20.8,265.8,63,2023-03-28:18,8.1,52,470,9.7,123,,d,0,994,final,42,1020,0,100,21.5,2023-03-28T19:00:00,2023-03-28T18:00:00,1680026400,1,16,Broken clouds,803,c03d,188,2.4,0.8
19.6,275.8,53,2023-03-28:19,7.4,0,0,-1.5,0,,n,0,994,final,43,1020,0,0,20.4,2023-03-28T20:00:00,2023-03-28T19:00:00,1680030000,0,16,Broken clouds,803,c03n,134,3.2,1.6
17,286.1,76,2023-03-28:20,7.6,0,0,-12.5,0,,n,0,994,final,54,1020,0,0,17,2023-03-28T21:00:00,2023-03-28T20:00:00,1680033600,0,16,Overcast clouds,804,c04n,114,4,2.4
15.2,297.5,51,2023-03-28:21,8.2,0,0,-22.9,0,,n,0,993,final,63,1020,0,0,15.2,2023-03-28T22:00:00,2023-03-28T21:00:00,1680037200,0,16,Broken clouds,803,c03n,106,4,2.4
14.8,310.7,45,2023-03-28:22,7.4,0,0,-32.1,0,,n,0,994,final,61,1021,0,0,14.8,2023-03-28T23:00:00,2023-03-28T22:00:00,1680040800,0,16,Broken clouds,803,c03n,100,4,2
14.1,326.9,67,2023-03-28:23,7.9,0,0,-39.5,0,,n,0,994,final,66,1021,0,0,14.1,2023-03-29T00:00:00,2023-03-28T23:00:00,1680044400,0,16,Broken clouds,803,c03n,108,3.6,2
14.1,346.1,83,2023-03-29:00,7.9,0,0,-44,0,,n,0,993,final,66,1020,0,0,14.1,2023-03-29T01:00:00,2023-03-29T00:00:00,1680048000,0,16,Overcast clouds,804,c04n,120,3.6,1.6
13.3,7,85,2023-03-29:01,7.7,0,0,-44.7,0,,n,0,993,final,69,1020,0,0,13.3,2023-03-29T02:00:00,2023-03-29T01:00:00,1680051600,0,16,Overcast clouds,804,c04n,124,4.4,1.6
13.3,27.1,85,2023-03-29:02,7.7,0,0,-41.3,0,,n,0,993,final,69,1020,0,0,13.3,2023-03-29T03:00:00,2023-03-29T02:00:00,1680055200,0,16,Overcast clouds,804,c04n,124,4.8,2
13.7,44.2,81,2023-03-29:03,7.5,0,0,-34.8,0,,n,0,992,final,66,1019,0,0,13.7,2023-03-29T04:00:00,2023-03-29T03:00:00,1680058800,0,16,Overcast clouds,804,c04n,122,5.2,2.4
13.3,58.3,84,2023-03-29:04,7.1,0,0,-26,0,,n,0,992,final,66,1019,0,0,13.3,2023-03-29T05:00:00,2023-03-29T04:00:00,1680062400,0,16,Overcast clouds,804,c04n,122,5.6,2.4
13.3,70.2,86,2023-03-29:05,7.1,0,0,-15.9,0,,n,0,991,final,66,1018,0,0,13.3,2023-03-29T06:00:00,2023-03-29T05:00:00,1680066000,0,16,Overcast clouds,804,c04n,126,6,2.4
13.3,80.7,71,2023-03-29:06,6.2,0,0,-5.1,0,,n,0,991,final,62,1018,0,0,13.3,2023-03-29T07:00:00,2023-03-29T06:00:00,1680069600,0,16,Overcast clouds,804,c04n,134,5.6,2
13.7,90.7,89,2023-03-29:07,6.3,39,346,6.1,67,,d,0,992,final,61,1019,0,65,13.7,2023-03-29T08:00:00,2023-03-29T07:00:00,1680073200,0.7,16,Overcast clouds,804,c04d,148,5.2,1.6
16.7,100.9,99,2023-03-29:08,8.1,72,635,17.3,253,,d,0,993,final,57,1020,0,105,16.7,2023-03-29T09:00:00,2023-03-29T08:00:00,1680076800,0.7,16,Overcast clouds,804,c04d,156,7.2,2.8
17.8,112.2,98,2023-03-29:09,7,91,767,28,445,,d,0,994,final,49,1020,0,162,17.8,2023-03-29T10:00:00,2023-03-29T09:00:00,1680080400,1,16,Overcast clouds,804,c04d,166,8.8,4
19.2,125.7,100,2023-03-29:10,7.1,104,841,37.9,614,,d,0,994,final,43,1020,0,165,20,2023-03-29T11:00:00,2023-03-29T10:00:00,1680084000,1.4,16,Overcast clouds,804,c04d,172,10.4,4.4
19.9,142.7,99,2023-03-29:11,7.3,112,884,45.9,740,,d,0,994,final,42,1020,0,208,20.7,2023-03-29T12:00:00,2023-03-29T11:00:00,1680087600,1.9,16,Overcast clouds,804,c04d,182,12.4,5.6
21.2,164.1,100,2023-03-29:12,8.1,116,904,51,811,,d,0,993,final,41,1019,0,197,21.9,2023-03-29T13:00:00,2023-03-29T12:00:00,1680091200,2.1,16,Overcast clouds,804,c04d,184,14,6
20.9,188.2,96,2023-03-29:13,9.1,117,907,51.8,822,,d,0,993,final,45,1019,0,178,21.5,2023-03-29T14:00:00,2023-03-29T13:00:00,1680094800,2.4,16,Overcast clouds,804,c04d,190,14,6.4
20.2,210.8,94,2023-03-29:14,10.2,114,893,48,770,,d,0,993,final,51,1019,0,208,20.7,2023-03-29T15:00:00,2023-03-29T14:00:00,1680098400,2.2,16,Overcast clouds,804,c04d,204,13.2,6.4
19.6,229.2,15,2023-03-29:15,11.5,107,859,40.8,661,,d,0,994,final,58,1020,0,639,20,2023-03-29T16:00:00,2023-03-29T15:00:00,1680102000,4.4,16,Few clouds,801,c02d,220,13.2,6.4
18.5,243.8,1,2023-03-29:16,12.2,96,797,31.5,505,,d,0,994,final,65,1020,0,488,18.9,2023-03-29T17:00:00,2023-03-29T16:00:00,1680105600,3.4,16,Clear Sky,800,c01d,218,12,6
17.8,255.7,37,2023-03-29:17,12.9,79,689,21,319,,d,0,994,final,73,1020,0,298,17.8,2023-03-29T18:00:00,2023-03-29T17:00:00,1680109200,1.7,16,Scattered clouds,802,c02d,218,10.4,5.2
17,266.2,79,2023-03-29:18,13.3,53,476,9.9,126,,d,0,994,final,79,1021,0,70,17,2023-03-29T19:00:00,2023-03-29T18:00:00,1680112800,0.8,16,Overcast clouds,804,c04d,210,8,4.4
16.3,276.2,91,2023-03-29:19,13.4,0,0,-1.3,0,,n,0,994,final,83,1021,0,0,16.3,2023-03-29T20:00:00,2023-03-29T19:00:00,1680116400,0,16,Overcast clouds,804,c04n,208,8,3.6
15.6,286.5,98,2023-03-29:20,13.4,0,0,-12.3,0,,n,0,994,final,87,1021,0,0,15.6,2023-03-29T21:00:00,2023-03-29T20:00:00,1680120000,0,16,Overcast clouds,804,c04n,198,7.6,3.2
15.6,297.8,100,2023-03-29:21,13.4,0,0,-22.6,0,,n,0,995,final,87,1022,0,0,15.6,2023-03-29T22:00:00,2023-03-29T21:00:00,1680123600,0,16,Overcast clouds,804,c04n,198,8,3.6
15.6,311.1,100,2023-03-29:22,13.8,0,0,-31.9,0,,n,0.5,995,final,89,1022,0,0,15.6,2023-03-29T23:00:00,2023-03-29T22:00:00,1680127200,0,16,Overcast clouds,804,c04n,204,8,3.6
15.6,327.1,100,2023-03-29:23,13.8,0,0,-39.2,0,,n,0.5,995,final,89,1022,0,0,15.6,2023-03-30T00:00:00,2023-03-29T23:00:00,1680130800,0,16,Overcast clouds,804,c04n,212,7.6,3.6
15.2,346.3,100,2023-03-30:00,13.7,0,0,-43.6,0,,n,0.5,995,final,91,1022,0,0,15.2,2023-03-30T01:00:00,2023-03-30T00:00:00,1680134400,0,16,Overcast clouds,804,c04n,224,8,4
14.8,7.1,100,2023-03-30:01,13.3,0,0,-44.3,0,,n,0.5,995,final,91,1022,0,0,14.8,2023-03-30T02:00:00,2023-03-30T01:00:00,1680138000,0,16,Overcast clouds,804,c04n,230,7.2,3.6
14.8,27,96,2023-03-30:02,13.3,0,0,-41,0,,n,0,995,final,91,1022,0,0,14.8,2023-03-30T03:00:00,2023-03-30T02:00:00,1680141600,0,16,Overcast clouds,804,c04n,236,6,3.2
14.1,44,100,2023-03-30:03,13.3,0,0,-34.4,0,,n,0,995,final,95,1022,0,0,14.1,2023-03-30T04:00:00,2023-03-30T03:00:00,1680145200,0,16,Overcast clouds,804,c04n,226,5.6,2.4
13.7,58.1,100,2023-03-30:04,12.6,0,0,-25.7,0,,n,0,995,final,93,1022,0,0,13.7,2023-03-30T05:00:00,2023-03-30T04:00:00,1680148800,0,16,Overcast clouds,804,c04n,218,5.2,2.4
13.7,69.9,100,2023-03-30:05,12.3,0,0,-15.6,0,,n,0,995,final,91,1022,0,0,13.7,2023-03-30T06:00:00,2023-03-30T05:00:00,1680152400,0,16,Overcast clouds,804,c04n,212,5.2,2.4
13.3,80.4,100,2023-03-30:06,12.2,0,0,-4.7,0,,n,0.5,996,final,93,1023,0,0,13.3,2023-03-30T07:00:00,2023-03-30T06:00:00,1680156000,0,16,Overcast clouds,804,c04n,200,4.8,2.4
13.3,90.4,90,2023-03-30:07,12.2,41,359,6.4,72,,d,0,996,final,93,1023,0,65,13.3,2023-03-30T08:00:00,2023-03-30T07:00:00,1680159600,0.7,10,Overcast clouds,804,c04d,192,6,2.8
14.4,100.6,64,2023-03-30:08,13,72,639,17.6,259,,d,0,996,final,91,1023,0,198,14.4,2023-03-30T09:00:00,2023-03-30T08:00:00,1680163200,1.2,16,Broken clouds,803,c03d,198,8,4
15.9,112,97,2023-03-30:09,13,92,770,28.4,451,,d,0,997,final,83,1024,0,160,15.9,2023-03-30T10:00:00,2023-03-30T09:00:00,1680166800,1,16,Overcast clouds,804,c04d,202,10.4,4.4
17.4,125.5,97,2023-03-30:10,12.5,104,843,38.2,619,,d,0,997,final,73,1024,0,198,17.4,2023-03-30T11:00:00,2023-03-30T10:00:00,1680170400,1.5,16,Overcast clouds,804,c04d,208,12,5.6
17.8,142.6,100,2023-03-30:11,12.3,112,885,46.3,745,,d,0,997,final,70,1024,0,160,17.8,2023-03-30T12:00:00,2023-03-30T11:00:00,1680174000,1.8,16,Overcast clouds,804,c04d,212,13.6,6.4
17.8,164.1,100,2023-03-30:12,12.3,116,905,51.4,816,,d,0,997,final,70,1024,0,168,17.8,2023-03-30T13:00:00,2023-03-30T12:00:00,1680177600,2.2,16,Overcast clouds,804,c04d,212,14,7.2
17.8,188.4,100,2023-03-30:13,12.3,117,908,52.2,826,,d,0,997,final,70,1024,0,170,17.8,2023-03-30T14:00:00,2023-03-30T13:00:00,1680181200,2.2,16,Overcast clouds,804,c04d,216,14.8,7.6
17.8,211.1,100,2023-03-30:14,12.3,114,894,48.3,774,,d,0.25,997,final,70,1024,0,163,17.8,2023-03-30T15:00:00,2023-03-30T14:00:00,1680184800,2,16,Overcast clouds,804,c04d,214,15.2,7.2
17.8,229.6,99,2023-03-30:15,12.3,107,859,41.1,665,,d,0,997,final,70,1024,0,170,17.8,2023-03-30T16:00:00,2023-03-30T15:00:00,1680188400,1.6,16,Overcast clouds,804,c04d,212,15.6,7.2
17.4,244.1,99,2023-03-30:16,12.3,96,798,31.7,509,,d,0,996,final,72,1023,0,144,17.4,2023-03-30T17:00:00,2023-03-30T16:00:00,1680192000,1.1,16,Overcast clouds,804,c04d,214,14.8,7.2
16.7,256,100,2023-03-30:17,12.7,80,691,21.2,323,,d,0,997,final,77,1024,0,100,16.7,2023-03-30T18:00:00,2023-03-30T17:00:00,1680195600,0.7,16,Overcast clouds,804,c04d,216,13.2,6.8
15.6,266.5,100,2023-03-30:18,13.1,53,481,10.1,129,,d,0,997,final,85,1024,0,61,15.6,2023-03-30T19:00:00,2023-03-30T18:00:00,1680199200,0.6,16,Overcast clouds,804,c04d,214,11.6,6
15.2,276.5,100,2023-03-30:19,13.4,0,0,-1.1,0,,n,0,997,final,89,1024,0,0,15.2,2023-03-30T20:00:00,2023-03-30T19:00:00,1680202800,0,16,Overcast clouds,804,c04n,206,10.8,4.8
14.8,286.8,100,2023-03-30:20,13.3,0,0,-12,0,,n,0.25,997,final,91,1024,0,0,14.8,2023-03-30T21:00:00,2023-03-30T20:00:00,1680206400,0,16,Overcast clouds,804,c04n,202,10.8,5.2
14.8,298.1,100,2023-03-30:21,13.3,0,0,-22.4,0,,n,0,997,final,91,1024,0,0,14.8,2023-03-30T22:00:00,2023-03-30T21:00:00,1680210000,0,16,Overcast clouds,804,c04n,204,11.2,5.2
15.2,311.4,100,2023-03-30:22,13.4,0,0,-31.6,0,,n,0.75,997,final,89,1024,0,0,15.2,2023-03-30T23:00:00,2023-03-30T22:00:00,1680213600,0,10,Light rain,500,r01n,204,11.6,5.6
15.2,327.4,100,2023-03-30:23,13.7,0,0,-38.9,0,,n,1.5,997,final,91,1024,0,0,15.2,2023-03-31T00:00:00,2023-03-30T23:00:00,1680217200,0,10,Light rain,500,r01n,212,11.6,5.6
14.8,346.5,100,2023-03-31:00,13.3,0,0,-43.3,0,,n,0.75,997,final,91,1024,0,0,14.8,2023-03-31T01:00:00,2023-03-31T00:00:00,1680220800,0,10,Light rain,500,r01n,222,11.2,5.6
14.8,7.2,100,2023-03-31:01,13.7,0,0,-43.9,0,,n,0.25,997,final,93,1024,0,0,14.8,2023-03-31T02:00:00,2023-03-31T01:00:00,1680224400,0,10,Overcast clouds,804,c04n,230,10.4,5.2
14.8,26.9,100,2023-03-31:02,13.7,0,0,-40.6,0,,n,0.5,997,final,93,1024,0,0,14.8,2023-03-31T03:00:00,2023-03-31T02:00:00,1680228000,0,10,Overcast clouds,804,c04n,240,9.2,4.8
14.8,43.9,100,2023-03-31:03,13.7,0,0,-34,0,,n,0.5,996,final,93,1023,0,0,14.8,2023-03-31T04:00:00,2023-03-31T03:00:00,1680231600,0,16,Overcast clouds,804,c04n,246,9.2,4.4
14.8,57.9,100,2023-03-31:04,13.7,0,0,-25.3,0,,n,0,996,final,93,1023,0,0,14.8,2023-03-31T05:00:00,2023-03-31T04:00:00,1680235200,0,10,Overcast clouds,804,c04n,254,8.4,4
14.4,69.7,100,2023-03-31:05,13,0,0,-15.3,0,,n,0.25,996,final,91,1023,0,0,14.4,2023-03-31T06:00:00,2023-03-31T05:00:00,1680238800,0,16,Overcast clouds,804,c04n,262,7.6,4
14.1,80.2,100,2023-03-31:06,12.7,0,0,-4.4,0,,n,0,997,final,91,1024,0,0,14.1,2023-03-31T07:00:00,2023-03-31T06:00:00,1680242400,0,16,Overcast clouds,804,c04n,266,7.2,3.6
14.1,90.2,100,2023-03-31:07,12.3,42,371,6.8,76,,d,0,997,final,89,1024,0,46,14.1,2023-03-31T08:00:00,2023-03-31T07:00:00,1680246000,0.5,16,Overcast clouds,804,c04d,268,7.6,3.2
14.4,100.4,100,2023-03-31:08,12.3,73,644,17.9,264,,d,0,998,final,87,1025,0,89,14.4,2023-03-31T09:00:00,2023-03-31T08:00:00,1680249600,0.7,16,Overcast clouds,804,c04d,270,7.6,3.6
15.2,111.7,96,2023-03-31:09,11.6,92,772,28.7,457,,d,0,998,final,79,1025,0,175,15.2,2023-03-31T10:00:00,2023-03-31T09:00:00,1680253200,1,16,Overcast clouds,804,c04d,272,8,4
15.6,125.3,94,2023-03-31:10,12.7,105,845,38.6,625,,d,0,998,final,83,1025,0,147,15.6,2023-03-31T11:00:00,2023-03-31T10:00:00,1680256800,1.6,16,Overcast clouds,804,c04d,274,9.6,4.4
15.9,142.4,96,2023-03-31:11,11.1,112,886,46.7,750,,d,0,999,final,73,1026,0,139,15.9,2023-03-31T12:00:00,2023-03-31T11:00:00,1680260400,2,16,Overcast clouds,804,c04d,268,10.4,4.8
16.3,164.1,100,2023-03-31:12,10.8,117,906,51.8,821,,d,0,998,final,70,1025,0,172,16.3,2023-03-31T13:00:00,2023-03-31T12:00:00,1680264000,2.2,16,Overcast clouds,804,c04d,268,10.4,4.8
16.7,188.5,100,2023-03-31:13,10.8,117,909,52.5,831,,d,0,998,final,68,1025,0,173,16.7,2023-03-31T14:00:00,2023-03-31T13:00:00,1680267600,2.2,16,Overcast clouds,804,c04d,268,10.4,4.8
16.7,211.4,100,2023-03-31:14,10.3,114,894,48.7,779,,d,0,998,final,66,1025,0,167,16.7,2023-03-31T15:00:00,2023-03-31T14:00:00,1680271200,2,16,Overcast clouds,804,c04d,270,10.4,5.2
16.3,230,100,2023-03-31:15,9.7,107,860,41.3,669,,d,0,998,final,65,1025,0,174,16.3,2023-03-31T16:00:00,2023-03-31T15:00:00,1680274800,1.6,16,Overcast clouds,804,c04d,270,10,5.2
15.9,244.5,100,2023-03-31:16,9.6,97,800,31.9,513,,d,0,998,final,66,1025,0,148,15.9,2023-03-31T17:00:00,2023-03-31T16:00:00,1680278400,1.1,16,Overcast clouds,804,c04d,274,9.2,4.8
15.6,256.4,99,2023-03-31:17,9.3,80,694,21.4,326,,d,0,998,final,66,1025,0,122,15.6,2023-03-31T18:00:00,2023-03-31T17:00:00,1680282000,0.7,16,Overcast clouds,804,c04d,280,8.4,4.8
14.8,266.9,99,2023-03-31:18,9.2,54,486,10.3,133,,d,0,999,final,69,1026,0,71,14.8,2023-03-31T19:00:00,2023-03-31T18:00:00,1680285600,0.6,16,Overcast clouds,804,c04d,278,6.8,3.6
13.7,276.9,98,2023-03-31:19,9.6,0,0,-0.9,0,,n,0,999,final,76,1026,0,0,13.7,2023-03-31T20:00:00,2023-03-31T19:00:00,1680289200,0,16,Overcast clouds,804,c04n,274,5.2,2.4
12.6,287.1,90,2023-03-31:20,10,0,0,-11.8,0,,n,0,999,final,84,1026,0,0,12.6,2023-03-31T21:00:00,2023-03-31T20:00:00,1680292800,0,16,Overcast clouds,804,c04n,270,4,1.6
11.9,298.5,45,2023-03-31:21,9.6,0,0,-22.1,0,,n,0,999,final,86,1026,0,0,11.9,2023-03-31T22:00:00,2023-03-31T21:00:00,1680296400,0,16,Broken clouds,803,c03n,264,4,1.6
11.9,311.7,69,2023-03-31:22,10.5,0,0,-31.3,0,,n,0,999,final,91,1026,0,0,11.9,2023-03-31T23:00:00,2023-03-31T22:00:00,1680300000,0,16,Broken clouds,803,c03n,256,4,2
11.5,327.7,80,2023-03-31:23,10.1,0,0,-38.5,0,,n,0,999,final,91,1026,0,0,11.5,2023-04-01T00:00:00,2023-03-31T23:00:00,1680303600,0,16,Overcast clouds,804,c04n,246,3.6,2
11.5,346.6,98,2023-04-01:00,10.1,0,0,-42.9,0,,n,0,999,final,91,1026,0,0,11.5,2023-04-01T01:00:00,2023-04-01T00:00:00,1680307200,0,16,Overcast clouds,804,c04n,262,4,1.6
11.5,7.2,98,2023-04-01:01,10.4,0,0,-43.5,0,,n,0,999,final,93,1026,0,0,11.5,2023-04-01T02:00:00,2023-04-01T01:00:00,1680310800,0,16,Overcast clouds,804,c04n,246,3.2,1.6
11.9,26.8,100,2023-04-01:02,10.8,0,0,-40.2,0,,n,0,999,final,93,1026,0,0,11.9,2023-04-01T03:00:00,2023-04-01T02:00:00,1680314400,0,16,Overcast clouds,804,c04n,254,3.2,1.6
12.2,43.7,99,2023-04-01:03,11.1,0,0,-33.7,0,,n,0.5,998,final,93,1025,0,0,12.2,2023-04-01T04:00:00,2023-04-01T03:00:00,1680318000,0,10,Overcast clouds,804,c04n,254,2.8,1.6
11.9,57.7,100,2023-04-01:04,10.8,0,0,-25,0,,n,0.75,998,final,93,1025,0,0,11.9,2023-04-01T05:00:00,2023-04-01T04:00:00,1680321600,0,16,Light rain,500,r01n,258,2.8,1.6
11.5,69.5,100,2023-04-01:05,10.7,0,0,-14.9,0,,n,0.25,998,final,95,1025,0,0,11.5,2023-04-01T06:00:00,2023-04-01T05:00:00,1680325200,0,10,Overcast clouds,804,c04n,262,2.8,1.2
11.5,80,100,2023-04-01:06,10.7,0,0,-4.1,0,,n,0.5,998,final,95,1025,0,0,11.5,2023-04-01T07:00:00,2023-04-01T06:00:00,1680328800,0,10,Overcast clouds,804,c04n,264,2.8,0.8
11.9,89.9,100,2023-04-01:07,10.8,43,382,7.1,81,,d,0,998,final,93,1025,0,48,11.9,2023-04-01T08:00:00,2023-04-01T07:00:00,1680332400,0.6,16,Overcast clouds,804,c04d,238,2,0.8
12.2,100.2,100,2023-04-01:08,11.4,74,649,18.2,270,,d,0,998,final,95,1025,0,91,12.2,2023-04-01T09:00:00,2023-04-01T08:00:00,1680336000,0.7,10,Overcast clouds,804,c04d,176,2.4,0.8
12.2,111.5,100,2023-04-01:09,11.9,92,775,29,462,,d,0,998,final,98,1025,0,121,12.2,2023-04-01T10:00:00,2023-04-01T09:00:00,1680339600,1,10,Fog,741,a05d,188,2,0.4
13,125,99,2023-04-01:10,12.2,105,846,38.9,630,,d,0,998,final,95,1025,0,164,13,2023-04-01T11:00:00,2023-04-01T10:00:00,1680343200,1.5,10,Overcast clouds,804,c04d,130,2.4,0.4
13.3,142.3,99,2023-04-01:11,12.5,113,887,47.1,755,,d,0,998,final,95,1025,0,183,13.3,2023-04-01T12:00:00,2023-04-01T11:00:00,1680346800,1.9,10,Overcast clouds,804,c04d,158,2.4,0.8
14.1,164.1,100,2023-04-01:12,12.7,117,907,52.2,826,,d,0,998,final,91,1025,0,169,14.1,2023-04-01T13:00:00,2023-04-01T12:00:00,1680350400,2.2,10,Overcast clouds,804,c04d,192,3.2,1.2
15.6,188.7,100,2023-04-01:13,12.7,117,910,52.9,835,,d,0,998,final,83,1025,0,169,15.6,2023-04-01T14:00:00,2023-04-01T13:00:00,1680354000,2.3,16,Overcast clouds,804,c04d,230,4,1.6
16.7,211.8,100,2023-04-01:14,12.7,114,895,49,783,,d,0,998,final,77,1025,0,163,16.7,2023-04-01T15:00:00,2023-04-01T14:00:00,1680357600,2,10,Overcast clouds,804,c04d,302,5.6,2
17,230.3,99,2023-04-01:15,12.5,108,861,41.6,673,,d,0,997,final,75,1024,0,171,17,2023-04-01T16:00:00,2023-04-01T15:00:00,1680361200,1.6,10,Overcast clouds,804,c04d,332,7.6,3.2
16.7,244.9,65,2023-04-01:16,12.3,97,801,32.2,517,,d,0,997,final,75,1024,0,392,16.7,2023-04-01T17:00:00,2023-04-01T16:00:00,1680364800,1.9,16,Broken clouds,803,c03d,338,8.4,3.2
16.3,256.8,31,2023-04-01:17,11,80,696,21.6,330,,d,0,997,final,71,1024,0,314,16.3,2023-04-01T18:00:00,2023-04-01T17:00:00,1680368400,1.9,16,Scattered clouds,802,c02d,336,8,3.2
15.6,267.2,6,2023-04-01:18,10.4,54,492,10.5,136,,d,0,997,final,71,1024,0,132,15.6,2023-04-01T19:00:00,2023-04-01T18:00:00,1680372000,1.8,16,Few clouds,801,c02d,326,6.4,3.2
13,277.2,2,2023-04-01:19,9.3,0,0,-0.7,0,,n,0,998,final,78,1025,0,0,13,2023-04-01T20:00:00,2023-04-01T19:00:00,1680375600,0,16,Few clouds,801,c02n,326,6.8,2.8
11.9,287.5,1,2023-04-01:20,8.6,0,0,-11.6,0,,n,0,999,final,80,1026,0,0,11.9,2023-04-01T21:00:00,2023-04-01T20:00:00,1680379200,0,16,Clear Sky,800,c01n,326,6.4,3.2
11.5,298.8,0,2023-04-01:21,8.2,0,0,-21.9,0,,n,0,999,final,80,1026,0,0,11.5,2023-04-01T22:00:00,2023-04-01T21:00:00,1680382800,0,16,Clear Sky,800,c01n,334,6.8,3.2
10.4,312,0,2023-04-01:22,6,0,0,-31,0,,n,0,999,final,74,1026,0,0,10.4,2023-04-01T23:00:00,2023-04-01T22:00:00,1680386400,0,16,Clear Sky,800,c01n,344,6.4,2.8
9.3,328,0,2023-04-01:23,5.3,0,0,-38.2,0,,n,0,1000,final,76,1027,0,0,9.3,2023-04-02T00:00:00,2023-04-01T23:00:00,1680390000,0,16,Clear Sky,800,c01n,2,6,2.8
7.8,346.8,0,2023-04-02:00,4.4,0,0,-42.5,0,,n,0,999,final,79,1027,0,0,7.8,2023-04-02T01:00:00,2023-04-02T00:00:00,1680393600,0,16,Clear Sky,800,c01n,18,5.6,2.8
5.3,7.3,0,2023-04-02:01,4,0,0,-43.1,0,,n,0,999,final,81,1027,0,0,7,2023-04-02T02:00:00,2023-04-02T01:00:00,1680397200,0,16,Clear Sky,800,c01n,28,5.2,2.4
4.4,26.7,0,2023-04-02:02,3.2,0,0,-39.8,0,,n,0,999,final,83,1027,0,0,5.9,2023-04-02T03:00:00,2023-04-02T02:00:00,1680400800,0,16,Clear Sky,800,c01n,34,4.8,2
3.1,43.5,0,2023-04-02:03,2.2,0,0,-33.3,0,,n,0,999,final,83,1027,0,0,4.8,2023-04-02T04:00:00,2023-04-02T03:00:00,1680404400,0,16,Clear Sky,800,c01n,36,4.4,2
1.9,57.5,0,2023-04-02:04,1.8,0,0,-24.6,0,,n,0,999,final,85,1027,0,0,4.1,2023-04-02T05:00:00,2023-04-02T04:00:00,1680408000,0,16,Clear Sky,800,c01n,38,4.4,2.4
1.5,69.3,0,2023-04-02:05,1.1,0,0,-14.6,0,,n,0,999,final,83,1027,0,0,3.7,2023-04-02T06:00:00,2023-04-02T05:00:00,1680411600,0,16,Clear Sky,800,c01n,44,4.8,2.4
0.3,79.7,0,2023-04-02:06,0.7,0,0,-3.8,0,,n,0,999,final,85,1027,0,0,3,2023-04-02T07:00:00,2023-04-02T06:00:00,1680415200,0,16,Clear Sky,800,c01n,50,4.8,2.8
1.6,89.7,0,2023-04-02:07,1.1,44,393,7.4,86,,d,0,1000,final,81,1028,0,86,4.1,2023-04-02T08:00:00,2023-04-02T07:00:00,1680418800,1.8,16,Clear Sky,800,c01d,58,6,2.8
7.4,99.9,0,2023-04-02:08,3.6,74,653,18.5,275,,d,0,1000,final,77,1028,0,275,7.4,2023-04-02T09:00:00,2023-04-02T08:00:00,1680422400,2.2,16,Clear Sky,800,c01d,62,6,2.4
11.1,111.2,0,2023-04-02:09,5.2,93,777,29.4,467,,d,0,1001,final,67,1028,0,467,11.1,2023-04-02T10:00:00,2023-04-02T09:00:00,1680426000,3.2,16,Clear Sky,800,c01d,62,5.2,2
13.7,124.8,0,2023-04-02:10,5.6,105,848,39.3,635,,d,0,1001,final,58,1028,0,635,13.7,2023-04-02T11:00:00,2023-04-02T10:00:00,1680429600,4.6,16,Clear Sky,800,c01d,80,4.8,1.2
15.6,142.1,5,2023-04-02:11,4.6,113,888,47.4,760,,d,0,1001,final,48,1028,0,760,15.6,2023-04-02T12:00:00,2023-04-02T11:00:00,1680433200,6,16,Few clouds,801,c02d,100,4.4,0.8
16.7,164.1,6,2023-04-02:12,4.4,117,908,52.6,830,,d,0,1000,final,44,1027,0,830,16.7,2023-04-02T13:00:00,2023-04-02T12:00:00,1680436800,6.9,16,Few clouds,801,c02d,136,4,0.8
17.8,188.9,2,2023-04-02:13,4.7,117,910,53.3,839,,d,0,1000,final,42,1027,0,839,17.8,2023-04-02T14:00:00,2023-04-02T13:00:00,1680440400,7.3,16,Few clouds,801,c02d,198,4,0.4
18.1,212.1,48,2023-04-02:14,6,115,896,49.3,787,,d,0,999,final,45,1026,0,729,18.1,2023-04-02T15:00:00,2023-04-02T14:00:00,1680444000,4.4,16,Broken clouds,803,c03d,278,4,0.8
17.6,230.7,91,2023-04-02:15,6,108,862,41.9,677,,d,0,999,final,44,1026,0,235,18.5,2023-04-02T16:00:00,2023-04-02T15:00:00,1680447600,1.9,16,Overcast clouds,804,c04d,306,4.8,1.2
17.6,245.3,100,2023-04-02:16,6.4,97,802,32.4,520,,d,0,999,final,45,1025,0,149,18.5,2023-04-02T17:00:00,2023-04-02T16:00:00,1680451200,1.1,16,Overcast clouds,804,c04d,320,4.8,1.6
17.6,257.1,97,2023-04-02:17,7,81,698,21.8,333,,d,0,998,final,47,1024,0,144,18.5,2023-04-02T18:00:00,2023-04-02T17:00:00,1680454800,0.8,16,Overcast clouds,804,c04d,316,4.8,2
17,267.6,99,2023-04-02:18,8.4,55,497,10.7,139,,d,0,997,final,57,1024,0,73,17,2023-04-02T19:00:00,2023-04-02T18:00:00,1680458400,0.6,16,Overcast clouds,804,c04d,296,3.6,2
14.4,277.5,98,2023-04-02:19,8.6,1,0,-0.5,0,,n,0,998,final,68,1025,0,0,14.4,2023-04-02T20:00:00,2023-04-02T19:00:00,1680462000,0,16,Overcast clouds,804,c04n,294,4.4,2.4
13.7,287.8,95,2023-04-02:20,8.1,0,0,-11.4,0,,n,0,998,final,69,1025,0,0,13.7,2023-04-02T21:00:00,2023-04-02T20:00:00,1680465600,0,16,Overcast clouds,804,c04n,318,3.6,2
12.6,299.1,89,2023-04-02:21,7.7,0,0,-21.6,0,,n,0,998,final,72,1025,0,0,12.6,2023-04-02T22:00:00,2023-04-02T21:00:00,1680469200,0,16,Overcast clouds,804,c04n,4,3.2,2
9.6,312.4,90,2023-04-02:22,6.3,0,0,-30.7,0,,n,0,998,final,80,1025,0,0,9.6,2023-04-02T23:00:00,2023-04-02T22:00:00,1680472800,0,16,Overcast clouds,804,c04n,48,3.6,2
9.3,328.3,9,2023-04-02:23,6,0,0,-37.9,0,,n,0,997,final,80,1024,0,0,9.3,2023-04-03T00:00:00,2023-04-02T23:00:00,1680476400,0,16,Few clouds,801,c02n,66,3.2,2
8.1,347,11,2023-04-03:00,5.6,0,0,-42.2,0,,n,0,996,final,84,1023,0,0,8.1,2023-04-03T01:00:00,2023-04-03T00:00:00,1680480000,0,16,Few clouds,801,c02n,68,2.8,1.6
6.1,7.3,17,2023-04-03:01,4.8,0,0,-42.7,0,,n,0,996,final,86,1023,0,0,7,2023-04-03T02:00:00,2023-04-03T01:00:00,1680483600,0,16,Few clouds,801,c02n,62,2.8,1.6
5.8,26.7,2,2023-04-03:02,4.5,0,0,-39.4,0,,n,0,994,final,86,1022,0,0,6.7,2023-04-03T03:00:00,2023-04-03T02:00:00,1680487200,0,16,Few clouds,801,c02n,60,3.2,1.6
4.9,43.4,78,2023-04-03:03,4.1,0,0,-32.9,0,,n,0,994,final,88,1022,0,0,5.9,2023-04-03T04:00:00,2023-04-03T03:00:00,1680490800,0,16,Overcast clouds,804,c04n,66,3.6,1.6
4.5,57.3,100,2023-04-03:04,3.4,0,0,-24.3,0,,n,0,993,final,86,1021,0,0,5.6,2023-04-03T05:00:00,2023-04-03T04:00:00,1680494400,0,16,Overcast clouds,804,c04n,74,3.6,1.6
5.1,69,100,2023-04-03:05,3.4,0,0,-14.3,0,,n,0,992,final,86,1020,0,0,5.6,2023-04-03T06:00:00,2023-04-03T05:00:00,1680498000,0,16,Overcast clouds,804,c04n,74,3.6,1.2
4.4,79.5,100,2023-04-03:06,3.2,0,0,-3.5,0,,n,0,992,final,83,1020,0,0,5.9,2023-04-03T07:00:00,2023-04-03T06:00:00,1680501600,0,16,Overcast clouds,804,c04n,80,4,2
4.2,89.4,98,2023-04-03:07,2.9,45,404,7.7,90,,d,0,993,final,79,1020,0,59,6.3,2023-04-03T08:00:00,2023-04-03T07:00:00,1680505200,0.6,16,Overcast clouds,804,c04d,84,5.2,2.8
8.9,99.7,96,2023-04-03:08,5.3,75,657,18.9,280,,d,0,993,final,78,1020,0,136,8.9,2023-04-03T09:00:00,2023-04-03T08:00:00,1680508800,0.7,16,Overcast clouds,804,c04d,88,5.2,2.8
11.9,111,97,2023-04-03:09,7,93,780,29.7,473,,d,0,993,final,72,1020,0,182,11.9,2023-04-03T10:00:00,2023-04-03T09:00:00,1680512400,1.1,16,Overcast clouds,804,c04d,100,5.2,2
14.8,124.6,100,2023-04-03:10,7.4,106,849,39.6,640,,d,0,992,final,61,1019,0,170,14.8,2023-04-03T11:00:00,2023-04-03T10:00:00,1680516000,1.5,16,Overcast clouds,804,c04d,122,4.8,2
16.3,141.9,99,2023-04-03:11,7,113,889,47.8,765,,d,0,992,final,54,1019,0,213,16.3,2023-04-03T12:00:00,2023-04-03T11:00:00,1680519600,2,16,Overcast clouds,804,c04d,180,5.2,2
17,164,95,2023-04-03:12,7.6,117,909,53,835,,d,0,993,final,54,1019,0,204,17,2023-04-03T13:00:00,2023-04-03T12:00:00,1680523200,2.5,16,Overcast clouds,804,c04d,226,5.2,2.4
17,189.1,98,2023-04-03:13,8.4,118,911,53.6,844,,d,0,992,final,57,1018,0,135,17,2023-04-03T14:00:00,2023-04-03T13:00:00,1680526800,2.4,16,Overcast clouds,804,c04d,256,5.2,2.4
17,212.4,98,2023-04-03:14,9.2,115,897,49.7,791,,d,0,991,final,60,1017,0,126,17,2023-04-03T15:00:00,2023-04-03T14:00:00,1680530400,2.1,16,Overcast clouds,804,c04d,268,6,2
16.7,231.1,99,2023-04-03:15,9.6,108,863,42.2,681,,d,0,990,final,63,1016,0,197,16.7,2023-04-03T16:00:00,2023-04-03T15:00:00,1680534000,1.6,16,Overcast clouds,804,c04d,268,6.8,1.6
16.3,245.6,100,2023-04-03:16,9.9,97,803,32.6,524,,d,0,989,final,66,1015,0,149,16.3,2023-04-03T17:00:00,2023-04-03T16:00:00,1680537600,1.1,16,Overcast clouds,804,c04d,302,6.4,0.8
15.2,257.5,100,2023-04-03:17,10.4,81,700,22,337,,d,0,988,final,73,1014,0,104,15.2,2023-04-03T18:00:00,2023-04-03T17:00:00,1680541200,0.7,16,Overcast clouds,804,c04d,350,5.2,1.2
14.8,267.9,100,2023-04-03:18,10,56,501,10.9,142,,d,0.5,987,final,73,1014,0,70,14.8,2023-04-03T19:00:00,2023-04-03T18:00:00,1680544800,0.6,16,Overcast clouds,804,c04d,318,4.4,2
14.1,277.9,100,2023-04-03:19,10.3,2,1,-0.3,0,,n,0.5,987,final,78,1014,0,0,14.1,2023-04-03T20:00:00,2023-04-03T19:00:00,1680548400,0,10,Overcast clouds,804,c04n,310,4.8,2.8
13.3,288.1,100,2023-04-03:20,10.3,0,0,-11.2,0,,n,0.5,987,final,82,1014,0,0,13.3,2023-04-03T21:00:00,2023-04-03T20:00:00,1680552000,0,16,Overcast clouds,804,c04n,298,5.6,2.8
12.6,299.5,100,2023-04-03:21,9.6,0,0,-21.4,0,,n,0,987,final,82,1014,0,0,12.6,2023-04-03T22:00:00,2023-04-03T21:00:00,1680555600,0,16,Overcast clouds,804,c04n,300,5.6,2.8
12.2,312.7,100,2023-04-03:22,9.9,0,0,-30.5,0,,n,0,987,final,86,1014,0,0,12.2,2023-04-03T23:00:00,2023-04-03T22:00:00,1680559200,0,16,Overcast clouds,804,c04n,318,5.2,2.4
12.6,328.6,100,2023-04-03:23,9.6,0,0,-37.6,0,,n,0.75,987,final,82,1014,0,0,12.6,2023-04-04T00:00:00,2023-04-03T23:00:00,1680562800,0,16,Light rain,500,r01n,324,4.4,1.6
12.2,347.2,100,2023-04-04:00,9.6,0,0,-41.8,0,,n,0.25,988,final,84,1015,0,0,12.2,2023-04-04T01:00:00,2023-04-04T00:00:00,1680566400,0,16,Overcast clouds,804,c04n,354,5.2,1.6
11.1,7.3,100,2023-04-04:01,8.8,0,0,-42.3,0,,n,0,987,final,86,1014,0,0,11.1,2023-04-04T02:00:00,2023-04-04T01:00:00,1680570000,0,16,Overcast clouds,804,c04n,24,4.4,1.6
10.7,26.6,94,2023-04-04:02,8.5,0,0,-39,0,,n,0,987,final,86,1014,0,0,10.7,2023-04-04T03:00:00,2023-04-04T02:00:00,1680573600,0,16,Overcast clouds,804,c04n,38,4.4,1.6
10.4,43.2,87,2023-04-04:03,7.8,0,0,-32.6,0,,n,0,986,final,84,1013,0,0,10.4,2023-04-04T04:00:00,2023-04-04T03:00:00,1680577200,0,16,Overcast clouds,804,c04n,42,4.4,1.6
10,57.1,45,2023-04-04:04,7.1,0,0,-23.9,0,,n,0,986,final,82,1013,0,0,10,2023-04-04T05:00:00,2023-04-04T04:00:00,1680580800,0,16,Broken clouds,803,c03n,42,4.8,2
9.3,68.8,0,2023-04-04:05,6.4,0,0,-13.9,0,,n,0,986,final,82,1013,0,0,9.3,2023-04-04T06:00:00,2023-04-04T05:00:00,1680584400,0,16,Clear Sky,800,c01n,50,4.8,2
8.5,79.3,1,2023-04-04:06,5.6,0,0,-3.2,0,,n,0,987,final,82,1014,0,0,8.5,2023-04-04T07:00:00,2023-04-04T06:00:00,1680588000,0,16,Clear Sky,800,c01n,58,5.2,2.4
8.9,89.2,1,2023-04-04:07,6,46,414,8,95,,d,0,987,final,82,1014,0,95,8.9,2023-04-04T08:00:00,2023-04-04T07:00:00,1680591600,1.8,16,Clear Sky,800,c01d,60,5.6,2.8
12.6,99.4,0,2023-04-04:08,7.5,75,661,19.2,286,,d,0,988,final,71,1015,0,286,12.6,2023-04-04T09:00:00,2023-04-04T08:00:00,1680595200,2.2,16,Clear Sky,800,c01d,68,6,2.8
15.6,110.7,0,2023-04-04:09,6.6,94,782,30,478,,d,0,989,final,55,1015,0,478,15.6,2023-04-04T10:00:00,2023-04-04T09:00:00,1680598800,3.2,16,Clear Sky,800,c01d,80,6.4,2.4
18.1,124.3,0,2023-04-04:10,5,106,851,40,645,,d,0,990,final,42,1016,0,645,18.1,2023-04-04T11:00:00,2023-04-04T10:00:00,1680602400,4.8,16,Clear Sky,800,c01d,86,8.4,3.6
18.3,141.8,0,2023-04-04:11,4.3,113,890,48.2,770,,d,0,990,final,37,1016,0,770,19.3,2023-04-04T12:00:00,2023-04-04T11:00:00,1680606000,6.3,16,Clear Sky,800,c01d,84,9.6,4
19.4,164,0,2023-04-04:12,3.6,117,909,53.3,839,,d,0.25,989,final,33,1015,0,839,20.4,2023-04-04T13:00:00,2023-04-04T12:00:00,1680609600,7.4,16,Clear Sky,800,c01d,80,9.6,4
20.5,189.3,0,2023-04-04:13,3.2,118,912,54,848,,d,0,989,final,30,1015,0,848,21.5,2023-04-04T14:00:00,2023-04-04T13:00:00,1680613200,7.5,16,Clear Sky,800,c01d,74,8.8,3.6
21.6,212.8,0,2023-04-04:14,2.7,115,897,50,795,,d,0,989,final,27,1015,0,795,22.6,2023-04-04T15:00:00,2023-04-04T14:00:00,1680616800,6.7,16,Clear Sky,800,c01d,66,7.6,2.8
22,231.5,0,2023-04-04:15,2.5,108,864,42.4,684,,d,0,989,final,26,1015,0,684,23,2023-04-04T16:00:00,2023-04-04T15:00:00,1680620400,5.2,16,Clear Sky,800,c01d,56,6.4,2.4
22.1,246,0,2023-04-04:16,3,98,805,32.9,528,,d,0,988,final,27,1014,0,528,23,2023-04-04T17:00:00,2023-04-04T16:00:00,1680624000,3.6,16,Clear Sky,800,c01d,28,5.2,1.6
21.4,257.8,0,2023-04-04:17,5.6,81,702,22.2,340,,d,0,988,final,34,1014,0,340,22.2,2023-04-04T18:00:00,2023-04-04T17:00:00,1680627600,2.4,16,Clear Sky,800,c01d,342,4.4,1.2
20.3,268.2,0,2023-04-04:18,7,56,506,11.1,145,,d,0,989,final,40,1015,0,145,21.1,2023-04-04T19:00:00,2023-04-04T18:00:00,1680631200,1.8,16,Clear Sky,800,c01d,312,3.2,1.2
17.9,278.2,0,2023-04-04:19,5,4,4,-0.1,1,,d,0,989,final,40,1015,0,5,18.9,2023-04-04T20:00:00,2023-04-04T19:00:00,1680634800,0,16,Clear Sky,800,c01n,314,3.6,2
17,288.5,0,2023-04-04:20,5.9,0,0,-10.9,0,,n,0,990,final,48,1016,0,0,17,2023-04-04T21:00:00,2023-04-04T20:00:00,1680638400,0,16,Clear Sky,800,c01n,352,3.6,2
14.4,299.8,0,2023-04-04:21,6,0,0,-21.2,0,,n,0,990,final,57,1017,0,0,14.4,2023-04-04T22:00:00,2023-04-04T21:00:00,1680642000,0,16,Clear Sky,800,c01n,24,3.6,2
11.5,313,0,2023-04-04:22,5.2,0,0,-30.2,0,,n,0,990,final,65,1017,0,0,11.5,2023-04-04T23:00:00,2023-04-04T22:00:00,1680645600,0,16,Clear Sky,800,c01n,52,4,2.4
10.4,328.8,0,2023-04-04:23,4.8,0,0,-37.3,0,,n,0,991,final,68,1018,0,0,10.4,2023-04-05T00:00:00,2023-04-04T23:00:00,1680649200,0,16,Clear Sky,800,c01n,62,4.4,2
